{
    "wrapped-bitcoin": [
        [
            1633104282622,
            47348.105428315925
        ],
        [
            1633107817783,
            47764.75694192127
        ],
        [
            1633111355474,
            47928.81121784258
        ],
        [
            1633114958607,
            48026.338048894264
        ],
        [
            1633118738165,
            48231.902951465716
        ],
        [
            1633122491040,
            48311.41240227012
        ],
        [
            1633125943411,
            48595.323401394104
        ],
        [
            1633129280323,
            48287.84069677374
        ],
        [
            1633132870172,
            48194.36291882163
        ],
        [
            1633136492435,
            48035.90109925938
        ],
        [
            1633140241024,
            47953.65637289998
        ],
        [
            1633143926507,
            47793.54343306125
        ],
        [
            1633147444105,
            47716.84456542175
        ],
        [
            1633150937029,
            47652.04840922973
        ],
        [
            1633154788179,
            47668.971291413385
        ],
        [
            1633158299347,
            47922.69245424428
        ],
        [
            1633161844027,
            47793.988404298834
        ],
        [
            1633165449156,
            47618.163427678235
        ],
        [
            1633169049219,
            47833.08337448162
        ],
        [
            1633172690012,
            47752.62668996712
        ],
        [
            1633176707493,
            47696.89638806723
        ],
        [
            1633179846366,
            47773.712178340145
        ],
        [
            1633183919315,
            48068.36346985382
        ],
        [
            1633187028421,
            48300.550569256135
        ]
    ],
    "ethereum": [
        [
            1633104273831,
            3236.6275003084834
        ],
        [
            1633108109536,
            3272.542294736929
        ],
        [
            1633111313932,
            3285.399953587917
        ],
        [
            1633115260768,
            3298.1910837269
        ],
        [
            1633118824463,
            3304.411118458838
        ],
        [
            1633122308332,
            3293.3154250301336
        ],
        [
            1633125865903,
            3322.5621891441756
        ],
        [
            1633129672805,
            3293.9530983975774
        ],
        [
            1633133049280,
            3310.248162609438
        ],
        [
            1633136739119,
            3296.6433880562245
        ],
        [
            1633140350001,
            3309.354310105233
        ],
        [
            1633144020028,
            3297.95659616965
        ],
        [
            1633147446593,
            3275.879506730185
        ],
        [
            1633150878610,
            3280.599492772327
        ],
        [
            1633154431633,
            3292.4390218229855
        ],
        [
            1633158073658,
            3292.9387693989534
        ],
        [
            1633161827756,
            3286.727635181974
        ],
        [
            1633165446613,
            3288.8097383990153
        ],
        [
            1633168940689,
            3303.2777000812875
        ],
        [
            1633172585978,
            3290.7907746250103
        ],
        [
            1633176220362,
            3303.602952460302
        ],
        [
            1633179837309,
            3311.165606299529
        ],
        [
            1633183355902,
            3333.253758602118
        ],
        [
            1633187009908,
            3371.6184548003826
        ]
    ],
    "celo": [
        [
            1633104038655,
            6.140444029178888
        ],
        [
            1633107638715,
            6.175184741129698
        ],
        [
            1633111476288,
            6.179723599780857
        ],
        [
            1633115155155,
            6.267015629630128
        ],
        [
            1633118720766,
            6.289588572980494
        ],
        [
            1633122497785,
            6.273122959976997
        ],
        [
            1633126069196,
            6.236569070725756
        ],
        [
            1633129682971,
            6.17419077547279
        ],
        [
            1633133140464,
            6.180489751033
        ],
        [
            1633136861886,
            6.135733019477994
        ],
        [
            1633140478319,
            6.115352273929503
        ],
        [
            1633144038317,
            6.085672651666105
        ],
        [
            1633147402782,
            6.086836996639892
        ],
        [
            1633151007602,
            6.062404803435225
        ],
        [
            1633154811258,
            6.078951469452309
        ],
        [
            1633158492738,
            6.191859358053838
        ],
        [
            1633161655339,
            6.258246436778171
        ],
        [
            1633165446828,
            6.2443995800618275
        ],
        [
            1633169041238,
            6.354085281173746
        ],
        [
            1633172688668,
            6.369120078743647
        ],
        [
            1633176551385,
            6.574640363475641
        ],
        [
            1633179841781,
            6.516425694911825
        ],
        [
            1633183794750,
            6.465849699483504
        ],
        [
            1633187006405,
            6.478016024562981
        ]
    ],
    "celo-dollar": [
        [
            1633104551270,
            1.0101330931651566
        ],
        [
            1633108465990,
            1.0103812492734936
        ],
        [
            1633111660378,
            1.010922525172808
        ],
        [
            1633115312521,
            1.0093535862805199
        ],
        [
            1633118848219,
            1.0119785430420118
        ],
        [
            1633122514442,
            1.0106800242613723
        ],
        [
            1633126082206,
            1.0071182446626017
        ],
        [
            1633129694085,
            1.0084611727537465
        ],
        [
            1633133240993,
            1.0082379540973685
        ],
        [
            1633137774712,
            1.0078868137207146
        ],
        [
            1633140759850,
            1.0053956433252274
        ],
        [
            1633144535053,
            1.0095857787645584
        ],
        [
            1633147675103,
            1.0066801345016967
        ],
        [
            1633151633571,
            1.0075079976778663
        ],
        [
            1633154829274,
            1.0081619736055247
        ],
        [
            1633159058824,
            1.0135711828130352
        ],
        [
            1633162060810,
            1.0101229677059473
        ],
        [
            1633165719631,
            1.0072854028464127
        ],
        [
            1633169287876,
            1.0112301423061785
        ],
        [
            1633173207134,
            1.012475432311952
        ],
        [
            1633176814273,
            1.0097385894064481
        ],
        [
            1633180391893,
            1.0117973906387154
        ],
        [
            1633184641621,
            1.0148569484387846
        ],
        [
            1633187067778,
            1.0131298196216063
        ]
    ],