{
    "wrapped-bitcoin": [
        [
            1633622958066,
            54054.36445676409
        ],
        [
            1633626239542,
            54286.16014213542
        ],
        [
            1633630378334,
            54279.107618129
        ],
        [
            1633633249178,
            53912.86291933095
        ],
        [
            1633636825918,
            54109.50323582353
        ],
        [
            1633640453101,
            54232.336914735795
        ],
        [
            1633644457579,
            54402.57612192342
        ],
        [
            1633647791082,
            54129.49917147456
        ],
        [
            1633651464195,
            53971.737030281336
        ],
        [
            1633655085220,
            54279.22836063581
        ],
        [
            1633658988937,
            54480.00280951874
        ],
        [
            1633662597589,
            53917.258620536115
        ],
        [
            1633666074665,
            53978.04033427211
        ],
        [
            1633669676156,
            53983.423423365944
        ],
        [
            1633673297752,
            54193.36932514185
        ],
        [
            1633676637383,
            54219.62678297549
        ],
        [
            1633680526299,
            55183.021680314996
        ],
        [
            1633684170808,
            56087.89732556289
        ],
        [
            1633687446134,
            55473.400128358175
        ],
        [
            1633691077299,
            55572.200215748766
        ],
        [
            1633695251191,
            55319.44106710514
        ],
        [
            1633698775231,
            54892.54333080024
        ],
        [
            1633702555665,
            54483.90289277846
        ],
        [
            1633705459774,
            54736.16909898432
        ]
    ],
    "ethereum": [
        [
            1633622657159,
            3594.0979373992704
        ],
        [
            1633626231863,
            3620.3557949710043
        ],
        [
            1633630252400,
            3620.2103816077056
        ],
        [
            1633633316221,
            3594.116961406208
        ],
        [
            1633636823302,
            3609.926507351924
        ],
        [
            1633641064616,
            3629.655068665367
        ],
        [
            1633644254081,
            3638.505855768673
        ],
        [
            1633647779166,
            3611.5658645579306
        ],
        [
            1633651433982,
            3594.918357967647
        ],
        [
            1633654833081,
            3616.396471909607
        ],
        [
            1633658847362,
            3620.0954825387275
        ],
        [
            1633662341204,
            3576.363612742601
        ],
        [
            1633665855201,
            3577.4234962042
        ],
        [
            1633669665992,
            3577.760987892343
        ],
        [
            1633672934323,
            3590.481174789465
        ],
        [
            1633676624086,
            3581.846931656171
        ],
        [
            1633680521538,
            3609.113951916041
        ],
        [
            1633683637277,
            3668.038138464823
        ],
        [
            1633687432327,
            3640.727400032804
        ],
        [
            1633690956327,
            3643.0574980138636
        ],
        [
            1633694408328,
            3619.672273353277
        ],
        [
            1633698248751,
            3603.185843501888
        ],
        [
            1633702103299,
            3604.9836727369175
        ],
        [
            1633705326891,
            3653.981722946048
        ]
    ],
    "celo": [
        [
            1633622688093,
            5.81538448955635
        ],
        [
            1633626232095,
            5.843267265831043
        ],
        [
            1633629983959,
            5.787399458002839
        ],
        [
            1633633307596,
            5.792150933022631
        ],
        [
            1633637523024,
            5.813764953891398
        ],
        [
            1633640662103,
            5.858158699794744
        ],
        [
            1633644298902,
            5.846341787330637
        ],
        [
            1633647611028,
            5.8843743198570335
        ],
        [
            1633651361745,
            5.9273745727515825
        ],
        [
            1633655553426,
            5.964517735653424
        ],
        [
            1633658534438,
            6.0474314204091195
        ],
        [
            1633662594648,
            5.8818094420633935
        ],
        [
            1633666073485,
            5.903812039180705
        ],
        [
            1633669674023,
            5.85475389842994
        ],
        [
            1633672977250,
            5.927641205481074
        ],
        [
            1633676619323,
            5.932070581184386
        ],
        [
            1633680517992,
            5.928326101611139
        ],
        [
            1633684164674,
            5.93397285378236
        ],
        [
            1633687432119,
            5.91528923542823
        ],
        [
            1633691047910,
            5.926288281661428
        ],
        [
            1633694925879,
            5.896638380743726
        ],
        [
            1633698248993,
            5.808847554175146
        ],
        [
            1633702185674,
            5.846671453688261
        ],
        [
            1633705305238,
            5.897827152134454
        ]
    ],
    "celo-dollar": [
        [
            1633622985296,
            1.0044752359742766
        ],
        [
            1633626254202,
            1.0132963675630267
        ],
        [
            1633630396743,
            1.0069216556259522
        ],
        [
            1633633759904,
            1.0049345113100194
        ],
        [
            1633638064896,
            1.0054969760694836
        ],
        [
            1633641231222,
            1.004809771346289
        ],
        [
            1633644505043,
            1.0048423930861226
        ],
        [
            1633648040315,
            1.0054012637500305
        ],
        [
            1633651481418,
            1.0062125824026198
        ],
        [
            1633655686145,
            1.007021358919174
        ],
        [
            1633659217282,
            1.0066605220815044
        ],
        [
            1633662792985,
            1.004468591732128
        ],
        [
            1633666099626,
            1.0030314484598297
        ],
        [
            1633669700321,
            1.0032312135428407
        ],
        [
            1633673336505,
            1.003671646815008
        ],
        [
            1633676669291,
            1.002356118532436
        ],
        [
            1633680534181,
            1.004118366733892
        ],
        [
            1633684186236,
            1.0051325823593582
        ],
        [
            1633687462571,
            1.0031858413195691
        ],
        [
            1633691244352,
            1.007946795644805
        ],
        [
            1633695377056,
            1.0084847367710437
        ],
        [
            1633698806851,
            1.004807748350089
        ],
        [
            1633702698185,
            1.002048900338681
        ],
        [
            1633705712442,
            1.0041443392542029
        ]
    ],