{
    "wrapped-bitcoin": [
        [
            1634834169351,
            63654.08204629622
        ],
        [
            1634837698271,
            63644.883493511465
        ],
        [
            1634841389005,
            63404.128825555556
        ],
        [
            1634844995168,
            63816.80570598704
        ],
        [
            1634848597029,
            62917.37240659284
        ],
        [
            1634852197899,
            63140.414235338365
        ],
        [
            1634855776438,
            63204.103402460925
        ],
        [
            1634859428813,
            62700.153140346905
        ],
        [
            1634863104268,
            62845.51265847863
        ],
        [
            1634866607430,
            63195.54104675016
        ],
        [
            1634870242743,
            63111.767198190115
        ],
        [
            1634873837597,
            63633.739703984946
        ],
        [
            1634877362707,
            63493.223503251545
        ],
        [
            1634880216154,
            63288.42874939353
        ],
        [
            1634884442088,
            63200.329126737655
        ],
        [
            1634888172368,
            63183.5171634784
        ],
        [
            1634891748363,
            63781.20359453217
        ],
        [
            1634895343562,
            63879.73830659435
        ],
        [
            1634898886557,
            63413.65942049634
        ],
        [
            1634902478046,
            63705.877929455346
        ],
        [
            1634905700749,
            63614.01973330763
        ],
        [
            1634909780315,
            63738.502827045704
        ],
        [
            1634913419763,
            62207.43700597137
        ],
        [
            1634916936934,
            61451.42332546267
        ]
    ],
    "ethereum": [
        [
            1634832356353,
            4106.444323766659
        ],
        [
            1634836087089,
            4071.487106248869
        ],
        [
            1634839572164,
            4065.1764662663477
        ],
        [
            1634843324108,
            4085.426579593109
        ],
        [
            1634846863465,
            4079.4444695412717
        ],
        [
            1634850364839,
            4107.196257033077
        ],
        [
            1634854277270,
            4098.8971490742915
        ],
        [
            1634857719775,
            4076.998183142766
        ],
        [
            1634861239533,
            4055.2642447637113
        ],
        [
            1634864771287,
            4121.247454825212
        ],
        [
            1634868431986,
            4111.428183798817
        ],
        [
            1634872332299,
            4128.788097898815
        ],
        [
            1634875457100,
            4164.645373399213
        ],
        [
            1634879695744,
            4165.522267427986
        ],
        [
            1634882409086,
            4134.73922940943
        ],
        [
            1634886433115,
            4139.307366719643
        ],
        [
            1634889682640,
            4155.695169969794
        ],
        [
            1634893238556,
            4168.101795776509
        ],
        [
            1634896827539,
            4139.2547477768485
        ],
        [
            1634900907641,
            4130.969443720447
        ],
        [
            1634904293549,
            4141.402370696837
        ],
        [
            1634908175254,
            4157.722459434657
        ],
        [
            1634911626052,
            4072.751269678994
        ],
        [
            1634914857562,
            4037.47779795551
        ]
    ],
    "celo": [
        [
            1634833068963,
            6.6751132770798804
        ],
        [
            1634836601092,
            6.712348782742253
        ],
        [
            1634840260819,
            6.707376302127409
        ],
        [
            1634843620797,
            6.786240236285342
        ],
        [
            1634847388141,
            6.743561199875309
        ],
        [
            1634850669616,
            6.872018395025252
        ],
        [
            1634854305902,
            6.882214130019928
        ],
        [
            1634857351785,
            6.840565651719199
        ],
        [
            1634861189845,
            6.953930826812343
        ],
        [
            1634864834823,
            6.854944060936972
        ],
        [
            1634868752349,
            6.802919114743615
        ],
        [
            1634872211609,
            6.800872581556804
        ],
        [
            1634876160209,
            6.808031127443977
        ],
        [
            1634879827187,
            6.798049034219969
        ],
        [
            1634883292217,
            6.797502530293287
        ],
        [
            1634887044274,
            6.725941590376557
        ],
        [
            1634890595570,
            6.77747726252263
        ],
        [
            1634894312865,
            6.771546137158821
        ],
        [
            1634897274402,
            6.787860425927865
        ],
        [
            1634901141918,
            6.729073235224715
        ],
        [
            1634904230696,
            6.665642624274187
        ],
        [
            1634908268574,
            6.714853915540991
        ],
        [
            1634911426869,
            6.609009713587422
        ],
        [
            1634915228907,
            6.5749012743614275
        ]
    ],
    "celo-dollar": [
        [
            1634834167286,
            1.0100560920277157
        ],
        [
            1634837697301,
            1.0076139989192971
        ],
        [
            1634841386522,
            1.0092048342304087
        ],
        [
            1634844993179,
            1.008271844196217
        ],
        [
            1634848595502,
            1.0075384534831906
        ],
        [
            1634852194593,
            1.0101000340279231
        ],
        [
            1634855774594,
            1.0100211270465007
        ],
        [
            1634859428381,
            1.0063767586117616
        ],
        [
            1634863103082,
            1.0081758381079577
        ],
        [
            1634866605432,
            1.0083830860560625
        ],
        [
            1634870241442,
            1.0090956612747808
        ],
        [
            1634873836021,
            1.007993120583051
        ],
        [
            1634877361924,
            1.0096651382416653
        ],
        [
            1634880216116,
            1.011194168802678
        ],
        [
            1634884441538,
            1.0055680913790934
        ],
        [
            1634888169838,
            1.0092049344752776
        ],
        [
            1634891747765,
            1.013507637963163
        ],
        [
            1634895342031,
            1.0130092835537257
        ],
        [
            1634898885877,
            1.0096057409847885
        ],
        [
            1634902477948,
            1.012970815889376
        ],
        [
            1634905700733,
            1.0086842925767532
        ],
        [
            1634909779813,
            1.008922185245374
        ],
        [
            1634913418445,
            1.0065289171747838
        ],
        [
            1634916935486,
            1.0117363457444626
        ]
    ],