{
    "wrapped-bitcoin": [
        [
            1633190662870,
            48064.81521084585
        ],
        [
            1633194274267,
            48128.23658813231
        ],
        [
            1633197780917,
            47995.58493342094
        ],
        [
            1633201482125,
            47998.284552550314
        ],
        [
            1633204886849,
            48234.480717576786
        ],
        [
            1633208853503,
            48154.130523453714
        ],
        [
            1633212557198,
            48254.244651523215
        ],
        [
            1633215737486,
            48217.48932258468
        ],
        [
            1633219409867,
            47824.40836002439
        ],
        [
            1633223302175,
            47371.084968783536
        ],
        [
            1633226625424,
            47682.55198486826
        ],
        [
            1633230275061,
            47753.397176285675
        ],
        [
            1633233868768,
            48065.60802013821
        ],
        [
            1633237451671,
            48007.28566868446
        ],
        [
            1633241053829,
            48122.67236802444
        ],
        [
            1633244611935,
            48116.48672977848
        ],
        [
            1633248399466,
            47908.52962994393
        ],
        [
            1633251767415,
            47869.608374464886
        ],
        [
            1633255468050,
            47939.986917753755
        ],
        [
            1633258991530,
            47931.94751311341
        ],
        [
            1633262760137,
            48098.97647246608
        ],
        [
            1633266207721,
            48146.63360261494
        ],
        [
            1633269959005,
            48121.38475522609
        ],
        [
            1633273277477,
            48084.341986473
        ]
    ],
    "ethereum": [
        [
            1633190632511,
            3395.435114792534
        ],
        [
            1633194096513,
            3433.7031245830008
        ],
        [
            1633197783198,
            3439.1610704340173
        ],
        [
            1633201452489,
            3443.560263764194
        ],
        [
            1633205052891,
            3456.4825917889475
        ],
        [
            1633208472416,
            3439.93610459899
        ],
        [
            1633212216675,
            3450.079291544198
        ],
        [
            1633215787943,
            3441.2465978051423
        ],
        [
            1633219452763,
            3401.112645713349
        ],
        [
            1633223104248,
            3365.9977386511496
        ],
        [
            1633226630445,
            3400.9545572268335
        ],
        [
            1633230275666,
            3410.8121808417286
        ],
        [
            1633233834917,
            3412.674718057804
        ],
        [
            1633237449973,
            3412.0503574872105
        ],
        [
            1633240917777,
            3425.718884880225
        ],
        [
            1633244662573,
            3423.340802590963
        ],
        [
            1633248052883,
            3406.427414409076
        ],
        [
            1633251762477,
            3406.7590029181692
        ],
        [
            1633255466691,
            3395.540463387032
        ],
        [
            1633259020503,
            3397.6898758509333
        ],
        [
            1633262906088,
            3416.286243651653
        ],
        [
            1633266209321,
            3423.005402888531
        ],
        [
            1633269853548,
            3440.8034519809903
        ],
        [
            1633273537836,
            3432.8823676483203
        ]
    ],
    "celo": [
        [
            1633190651499,
            6.547087714458958
        ],
        [
            1633194217617,
            6.454621353026313
        ],
        [
            1633197789457,
            6.451253070417824
        ],
        [
            1633201484518,
            6.4245843026134635
        ],
        [
            1633205261281,
            6.446567037542589
        ],
        [
            1633208430483,
            6.3792647417943735
        ],
        [
            1633212213257,
            6.407672023452835
        ],
        [
            1633215721196,
            6.4683807551271775
        ],
        [
            1633219403993,
            6.318176277076077
        ],
        [
            1633222948434,
            6.149357543883557
        ],
        [
            1633226481481,
            6.237920872414963
        ],
        [
            1633230277416,
            6.330207578359877
        ],
        [
            1633233914756,
            6.542688304625692
        ],
        [
            1633237670009,
            6.56990361066847
        ],
        [
            1633241058426,
            6.507155490955075
        ],
        [
            1633244675107,
            6.487747641506308
        ],
        [
            1633248809266,
            6.414923533274368
        ],
        [
            1633251794971,
            6.3828702861751765
        ],
        [
            1633255476088,
            6.312600339740748
        ],
        [
            1633258881444,
            6.326401391200237
        ],
        [
            1633262882555,
            6.325879454767543
        ],
        [
            1633266220955,
            6.36911588964399
        ],
        [
            1633269838448,
            6.309778692716635
        ],
        [
            1633273710547,
            6.289205072101315
        ]
    ],
    "celo-dollar": [
        [
            1633190827731,
            1.0180472307090662
        ],
        [
            1633194287460,
            1.0129763199980268
        ],
        [
            1633197821238,
            1.0118649268370055
        ],
        [
            1633201920096,
            1.0111902849542633
        ],
        [
            1633205496796,
            1.0110468372181833
        ],
        [
            1633209886162,
            1.013936897368015
        ],
        [
            1633212772360,
            1.012472651434187
        ],
        [
            1633216172996,
            1.0088972720305043
        ],
        [
            1633219796657,
            1.0114494521493695
        ],
        [
            1633223652888,
            1.0134061417132836
        ],
        [
            1633226965903,
            1.0143486132849178
        ],
        [
            1633230820892,
            1.0180092873287692
        ],
        [
            1633234002248,
            1.0113418700201438
        ],
        [
            1633237678370,
            1.0087086604904236
        ],
        [
            1633241080560,
            1.0137767062551266
        ],
        [
            1633244724378,
            1.0118357424239326
        ],
        [
            1633249068362,
            1.0117028344685
        ],
        [
            1633252074992,
            1.0115187281675724
        ],
        [
            1633255490173,
            1.0117569997667666
        ],
        [
            1633259371370,
            1.010921395610643
        ],
        [
            1633263113131,
            1.0106846108632423
        ],
        [
            1633266461597,
            1.0099167921392727
        ],
        [
            1633270198911,
            1.0089988587879641
        ],
        [
            1633273733422,
            1.0117049760019168
        ]
    ],