{
    "wrapped-bitcoin": [
        [
            1635006965356,
            61774.58454292739
        ],
        [
            1635010587482,
            61532.63306946837
        ],
        [
            1635014280912,
            61528.42149825122
        ],
        [
            1635017750996,
            61133.4697918493
        ],
        [
            1635021523073,
            60977.17747365662
        ],
        [
            1635025065816,
            61059.02291787799
        ],
        [
            1635028665646,
            61669.26811059218
        ],
        [
            1635032294301,
            61736.67245743395
        ],
        [
            1635035757550,
            61750.68020154277
        ],
        [
            1635039390559,
            61400.83637149722
        ],
        [
            1635043076615,
            61015.33352892666
        ],
        [
            1635046533069,
            61567.47120617907
        ],
        [
            1635050260041,
            61289.63182679528
        ],
        [
            1635053863360,
            61585.91754242641
        ],
        [
            1635057322316,
            61360.53381646687
        ],
        [
            1635061087934,
            61254.45579088459
        ],
        [
            1635064242478,
            61000.60523736572
        ],
        [
            1635068212410,
            61500.55804151209
        ],
        [
            1635071806608,
            61381.49341159166
        ],
        [
            1635074891038,
            61171.92660098438
        ],
        [
            1635079035375,
            60371.58800795624
        ],
        [
            1635082585737,
            60627.51853718307
        ],
        [
            1635085655175,
            60699.2670652345
        ],
        [
            1635089813311,
            59926.584569756196
        ]
    ],
    "ethereum": [
        [
            1635005509944,
            4110.066015713193
        ],
        [
            1635008767142,
            4100.323021897668
        ],
        [
            1635012111687,
            4112.670450361573
        ],
        [
            1635015766267,
            4108.336782657281
        ],
        [
            1635019475996,
            4092.599307299132
        ],
        [
            1635022868400,
            4089.307790950206
        ],
        [
            1635026774888,
            4122.13228781115
        ],
        [
            1635030239297,
            4122.897434662247
        ],
        [
            1635033965014,
            4186.774957094139
        ],
        [
            1635037286195,
            4160.32359876534
        ],
        [
            1635041051152,
            4137.822065686343
        ],
        [
            1635044995243,
            4162.64336674062
        ],
        [
            1635048075999,
            4153.04450411876
        ],
        [
            1635051703707,
            4126.666709791444
        ],
        [
            1635055308489,
            4115.683233110911
        ],
        [
            1635059164711,
            4106.393669278838
        ],
        [
            1635062433639,
            4117.719575822091
        ],
        [
            1635066156451,
            4097.472048081235
        ],
        [
            1635069673247,
            4110.652164173707
        ],
        [
            1635073375053,
            4111.4218483788045
        ],
        [
            1635077074032,
            4031.320307421248
        ],
        [
            1635080474501,
            4039.3822594650774
        ],
        [
            1635084236624,
            4046.37677247638
        ],
        [
            1635088053282,
            4026.1314626863564
        ]
    ],
    "celo": [
        [
            1635005441719,
            6.605322729288418
        ],
        [
            1635008525982,
            6.586905952788945
        ],
        [
            1635012049363,
            6.605858676958375
        ],
        [
            1635016359302,
            6.540289275931784
        ],
        [
            1635019366931,
            6.549662816390346
        ],
        [
            1635022942628,
            6.556303454089618
        ],
        [
            1635026963753,
            6.556963599560073
        ],
        [
            1635030566734,
            6.522547550309437
        ],
        [
            1635034257338,
            6.545374133840349
        ],
        [
            1635037296472,
            6.585328473934869
        ],
        [
            1635040839604,
            6.5469413357075155
        ],
        [
            1635044639511,
            6.548849965993667
        ],
        [
            1635048201562,
            6.565635193385546
        ],
        [
            1635051792695,
            6.548694979309937
        ],
        [
            1635055414025,
            6.506733270232129
        ],
        [
            1635059337771,
            6.474367784388356
        ],
        [
            1635062705886,
            6.524423968903754
        ],
        [
            1635066396809,
            6.5676127116092005
        ],
        [
            1635069671916,
            6.642008657354072
        ],
        [
            1635073270111,
            6.853736322704507
        ],
        [
            1635076999294,
            6.657721790066038
        ],
        [
            1635080409379,
            6.658195271127073
        ],
        [
            1635084100845,
            6.790662818681344
        ],
        [
            1635087692424,
            6.653191422284769
        ]
    ],
    "celo-dollar": [
        [
            1635006963806,
            1.0117552591001764
        ],
        [
            1635010586355,
            1.0112952143748017
        ],
        [
            1635014278315,
            1.0171117458769605
        ],
        [
            1635017750351,
            1.0067790094593343
        ],
        [
            1635021522208,
            1.0066649015601108
        ],
        [
            1635025065579,
            1.0065878642272343
        ],
        [
            1635028665424,
            1.012710481662501
        ],
        [
            1635032292986,
            1.0152957326651977
        ],
        [
            1635035755561,
            1.0106928937123902
        ],
        [
            1635039389265,
            1.0111195965839743
        ],
        [
            1635043074881,
            1.0085250309211884
        ],
        [
            1635046531698,
            1.0127877742486846
        ],
        [
            1635050258017,
            1.0121062804393997
        ],
        [
            1635053862854,
            1.016442987243955
        ],
        [
            1635057321320,
            1.0121192380328885
        ],
        [
            1635061087271,
            1.015405799547202
        ],
        [
            1635062427918,
            1.0127969455060484
        ],
        [
            1635066030704,
            1.0134854013497296
        ],
        [
            1635069834180,
            1.011157918236595
        ],
        [
            1635073471461,
            1.0116859026094094
        ],
        [
            1635076846700,
            1.0040273341337167
        ],
        [
            1635080456115,
            1.0053550453831936
        ],
        [
            1635084058410,
            1.0044308369593042
        ],
        [
            1635087667051,
            1.0036478362133
        ]
    ],