{
    "wrapped-bitcoin": [
        [
            1631808506111,
            48103.21868665411
        ],
        [
            1631812429619,
            48021.67194061307
        ],
        [
            1631815687472,
            47578.43419871528
        ],
        [
            1631819396816,
            47770.25254199194
        ],
        [
            1631822788198,
            47718.02177439349
        ],
        [
            1631826475279,
            47248.95299957978
        ],
        [
            1631829838183,
            47662.05225465665
        ],
        [
            1631833635628,
            47702.9210787401
        ],
        [
            1631837645064,
            47853.89377454731
        ],
        [
            1631840824637,
            47637.18191789864
        ],
        [
            1631844454148,
            48057.97145810021
        ],
        [
            1631848077752,
            47862.46450466229
        ],
        [
            1631851634567,
            47976.80563486061
        ],
        [
            1631855300737,
            48137.463633072395
        ],
        [
            1631858567601,
            48083.107205400695
        ],
        [
            1631862485454,
            48136.11384598854
        ],
        [
            1631866142522,
            47831.827579892095
        ],
        [
            1631869761619,
            48035.21729604933
        ],
        [
            1631873789536,
            47788.03904255202
        ],
        [
            1631876637181,
            47604.76016067411
        ],
        [
            1631880513759,
            47506.47649848311
        ],
        [
            1631884045379,
            47590.42268649443
        ],
        [
            1631887694292,
            47462.54461281128
        ],
        [
            1631891287288,
            47586.31008003466
        ]
    ],
    "ethereum": [
        [
            1631808186682,
            3623.2706608203202
        ],
        [
            1631811807202,
            3606.666300881203
        ],
        [
            1631815414398,
            3573.3632834220602
        ],
        [
            1631818920427,
            3577.8322056891284
        ],
        [
            1631822627105,
            3585.333899352368
        ],
        [
            1631826174073,
            3502.105389776577
        ],
        [
            1631829823316,
            3551.0294346252927
        ],
        [
            1631833232541,
            3553.5720441351077
        ],
        [
            1631837133291,
            3573.246696559556
        ],
        [
            1631840637730,
            3554.3660548502116
        ],
        [
            1631844035542,
            3584.7291829964743
        ],
        [
            1631847858951,
            3564.617407035286
        ],
        [
            1631851456709,
            3565.332719169254
        ],
        [
            1631855057738,
            3578.381940152129
        ],
        [
            1631858459957,
            3564.9003312119166
        ],
        [
            1631862054204,
            3557.6596741838607
        ],
        [
            1631865816662,
            3540.6028539146146
        ],
        [
            1631869392477,
            3535.570065915797
        ],
        [
            1631873641290,
            3516.8478026798884
        ],
        [
            1631876513212,
            3464.2222570891527
        ],
        [
            1631880482006,
            3451.6588861858413
        ],
        [
            1631883785399,
            3451.077780047847
        ],
        [
            1631887676109,
            3463.184089682488
        ],
        [
            1631891014859,
            3472.8933531468506
        ]
    ],
    "celo": [
        [
            1631808294224,
            5.232627498722311
        ],
        [
            1631812124246,
            5.143138866579228
        ],
        [
            1631815432621,
            5.14608937638724
        ],
        [
            1631819382842,
            5.186876423028623
        ],
        [
            1631822692679,
            5.197549267408435
        ],
        [
            1631826219766,
            5.232105732219941
        ],
        [
            1631829825851,
            5.3078629815504215
        ],
        [
            1631833590993,
            5.26341903274051
        ],
        [
            1631837341771,
            5.353081318687265
        ],
        [
            1631840698078,
            5.268909380477437
        ],
        [
            1631844245191,
            5.199817086387134
        ],
        [
            1631847882111,
            5.17000976735628
        ],
        [
            1631851458287,
            5.172472565703037
        ],
        [
            1631855268589,
            5.196883370359953
        ],
        [
            1631858451914,
            5.195068769712867
        ],
        [
            1631862465329,
            5.200494463392531
        ],
        [
            1631865966364,
            5.109772771554765
        ],
        [
            1631869560821,
            5.173844395421949
        ],
        [
            1631873647165,
            5.118184805422406
        ],
        [
            1631876613166,
            5.133577937886311
        ],
        [
            1631880119358,
            5.074638470802891
        ],
        [
            1631883799770,
            5.045371929327663
        ],
        [
            1631887674001,
            5.030994492009898
        ],
        [
            1631891053417,
            5.081858349857696
        ]
    ],
    "celo-dollar": [
        [
            1631808290543,
            1.004167122915873
        ],
        [
            1631812122743,
            1.0027966691550139
        ],
        [
            1631815404242,
            1.0019631334029386
        ],
        [
            1631819045331,
            1.002355692668331
        ],
        [
            1631822602837,
            1.004910446793137
        ],
        [
            1631826162380,
            1.0018642156777031
        ],
        [
            1631829799749,
            1.004439772926291
        ],
        [
            1631833473033,
            1.0035669193201089
        ],
        [
            1631837326807,
            1.0044167439550655
        ],
        [
            1631840701474,
            1.0028967366512491
        ],
        [
            1631844037146,
            1.005912675430846
        ],
        [
            1631847682062,
            1.000847765835386
        ],
        [
            1631851270139,
            1.0128849859487126
        ],
        [
            1631854876204,
            1.0141471384409253
        ],
        [
            1631858467561,
            1.0061827586486327
        ],
        [
            1631862176327,
            1.0041412517150958
        ],
        [
            1631865809841,
            1.0091530824981998
        ],
        [
            1631869335212,
            1.0062468529064506
        ],
        [
            1631872842625,
            1.0017745629293695
        ],
        [
            1631876515464,
            1.0039592271200786
        ],
        [
            1631880093956,
            1.0039576878395466
        ],
        [
            1631883804569,
            1.0048599527957502
        ],
        [
            1631887509678,
            1.0030471031135122
        ],
        [
            1631891060550,
            1.0032205238515526
        ]
    ],