{
    "wrapped-bitcoin": [
        [
            1632326675259,
            43227.01048563569
        ],
        [
            1632330289577,
            43460.92246824044
        ],
        [
            1632334127680,
            43461.65343787124
        ],
        [
            1632337771083,
            43324.80607563501
        ],
        [
            1632341334071,
            43481.39172295036
        ],
        [
            1632344946317,
            43377.63277193192
        ],
        [
            1632348239776,
            43233.678029543895
        ],
        [
            1632351741105,
            43523.329562228595
        ],
        [
            1632355756048,
            43541.93653786307
        ],
        [
            1632359084072,
            43268.33193217443
        ],
        [
            1632362695634,
            43576.7350014869
        ],
        [
            1632366289897,
            43689.75576277692
        ],
        [
            1632369757703,
            44023.25031926378
        ],
        [
            1632373494901,
            44085.18792496812
        ],
        [
            1632376922894,
            43941.10095126991
        ],
        [
            1632380682475,
            44151.703650348274
        ],
        [
            1632384474695,
            44398.45991379227
        ],
        [
            1632388384007,
            44044.526928717554
        ],
        [
            1632391676336,
            44112.77956572981
        ],
        [
            1632395040215,
            43904.482729900905
        ],
        [
            1632398666006,
            43652.31671349433
        ],
        [
            1632402241223,
            43734.873516734406
        ],
        [
            1632405797920,
            44100.915713672
        ],
        [
            1632409713543,
            44146.706856473305
        ]
    ],
    "ethereum": [
        [
            1632326670302,
            3015.929940875575
        ],
        [
            1632330288562,
            3042.7010760306234
        ],
        [
            1632333789491,
            3035.3721200987393
        ],
        [
            1632337775732,
            3019.400133145369
        ],
        [
            1632341312248,
            3031.5871454203657
        ],
        [
            1632344948845,
            3026.1460572926353
        ],
        [
            1632348227752,
            3033.1209551837305
        ],
        [
            1632351742497,
            3070.347549220008
        ],
        [
            1632355594140,
            3080.770613431408
        ],
        [
            1632359082269,
            3048.2823481738005
        ],
        [
            1632362672123,
            3078.892526110838
        ],
        [
            1632366426433,
            3078.1063499266884
        ],
        [
            1632369764526,
            3110.773164853737
        ],
        [
            1632373446440,
            3118.833034888091
        ],
        [
            1632377025718,
            3117.9789676697505
        ],
        [
            1632380669755,
            3138.280882793185
        ],
        [
            1632384081651,
            3149.898418208029
        ],
        [
            1632388384518,
            3126.997760941699
        ],
        [
            1632391672526,
            3126.40966731798
        ],
        [
            1632395032125,
            3098.175380191425
        ],
        [
            1632398667730,
            3061.4442193303207
        ],
        [
            1632402019312,
            3086.349477889549
        ],
        [
            1632405817556,
            3114.3720633528633
        ],
        [
            1632410012747,
            3142.3267235371595
        ]
    ],
    "celo": [
        [
            1632326570843,
            6.235089783191569
        ],
        [
            1632330292718,
            6.422583210038987
        ],
        [
            1632334123798,
            6.242011660410336
        ],
        [
            1632337291239,
            6.186869680179451
        ],
        [
            1632341037508,
            6.300773212871229
        ],
        [
            1632344945339,
            6.341735823666273
        ],
        [
            1632348224337,
            6.461685012643473
        ],
        [
            1632351741438,
            6.75022994909524
        ],
        [
            1632355354024,
            6.568213908251483
        ],
        [
            1632358835570,
            6.347820741385656
        ],
        [
            1632362483326,
            6.605324951391035
        ],
        [
            1632366395478,
            6.970665504770402
        ],
        [
            1632369767219,
            6.898019223480422
        ],
        [
            1632373751964,
            6.808748535176984
        ],
        [
            1632376994670,
            6.9482538419235125
        ],
        [
            1632380659267,
            7.012428950306834
        ],
        [
            1632384612746,
            6.8952058788925985
        ],
        [
            1632387774922,
            6.820565576707477
        ],
        [
            1632391676204,
            6.897969085602491
        ],
        [
            1632395035979,
            6.904961281103591
        ],
        [
            1632398666298,
            6.842178502555599
        ],
        [
            1632402049073,
            7.030623275185696
        ],
        [
            1632405799983,
            7.114728042981907
        ],
        [
            1632410012392,
            7.133954129510015
        ]
    ],
    "celo-dollar": [
        [
            1632326689177,
            1.0124564723445246
        ],
        [
            1632330477604,
            1.0144682006107828
        ],
        [
            1632334166312,
            1.0120322142072686
        ],
        [
            1632337784130,
            1.008194386532468
        ],
        [
            1632341394747,
            1.0078520528582862
        ],
        [
            1632344961363,
            1.0058461187384573
        ],
        [
            1632348276566,
            1.0092027837892183
        ],
        [
            1632352380570,
            1.0101767509917248
        ],
        [
            1632356371031,
            1.0093192756041311
        ],
        [
            1632359847527,
            1.0076270837234456
        ],
        [
            1632363294299,
            1.0071391860255157
        ],
        [
            1632366865026,
            1.0105704211219666
        ],
        [
            1632370073335,
            1.009679728371869
        ],
        [
            1632374281713,
            1.0076123406083433
        ],
        [
            1632377059302,
            1.0093284820541588
        ],
        [
            1632380923604,
            1.0125379417684932
        ],
        [
            1632384939551,
            1.009590973079826
        ],
        [
            1632388735193,
            1.0125998606778954
        ],
        [
            1632391716919,
            1.0085367804670786
        ],
        [
            1632395360617,
            1.0107351386156402
        ],
        [
            1632398926687,
            1.0104312955791697
        ],
        [
            1632403394461,
            1.0076326333301904
        ],
        [
            1632406441551,
            1.0080398809025581
        ],
        [
            1632410210359,
            1.0080410714424453
        ]
    ],