{
    "wrapped-bitcoin": [
        [
            1634660316412,
            62477.08506798413
        ],
        [
            1634663340480,
            63065.544092667165
        ],
        [
            1634666927751,
            63463.6163572295
        ],
        [
            1634670115609,
            63515.680382984305
        ],
        [
            1634674025473,
            63949.28776583786
        ],
        [
            1634677545499,
            64053.47537274804
        ],
        [
            1634681054580,
            64094.58730957703
        ],
        [
            1634685085623,
            64191.26316929441
        ],
        [
            1634688211861,
            64302.560223364206
        ],
        [
            1634691918584,
            64178.07635770409
        ],
        [
            1634695274870,
            63977.43433981203
        ],
        [
            1634699023054,
            63869.70108390623
        ],
        [
            1634702453583,
            63867.40354146042
        ],
        [
            1634707122506,
            63988.91283760035
        ],
        [
            1634710979569,
            64042.823539200406
        ],
        [
            1634714704287,
            63845.30508104972
        ],
        [
            1634717296596,
            64010.13633674078
        ],
        [
            1634720559640,
            64058.15773002955
        ],
        [
            1634724395293,
            64059.94161597529
        ],
        [
            1634728026379,
            63887.96895746199
        ],
        [
            1634731715420,
            63930.818242693495
        ],
        [
            1634734964743,
            64611.33615746677
        ],
        [
            1634738420106,
            65768.04444504918
        ],
        [
            1634742611479,
            67138.22541949157
        ]
    ],
    "ethereum": [
        [
            1634659850685,
            3782.9410285681406
        ],
        [
            1634663435670,
            3815.8020252246447
        ],
        [
            1634666926622,
            3822.808369633772
        ],
        [
            1634670175021,
            3818.9324808028023
        ],
        [
            1634674218229,
            3815.6756198457633
        ],
        [
            1634677914732,
            3813.216556757989
        ],
        [
            1634681062360,
            3820.8093278289007
        ],
        [
            1634684858146,
            3872.766274022282
        ],
        [
            1634688903410,
            3894.5229485058794
        ],
        [
            1634692025799,
            3871.7488755237096
        ],
        [
            1634696002154,
            3861.212996470955
        ],
        [
            1634699996631,
            3859.6128798883246
        ],
        [
            1634703358929,
            3850.2231541104816
        ],
        [
            1634706233647,
            3859.571954203546
        ],
        [
            1634710037453,
            3844.403824852521
        ],
        [
            1634713686672,
            3838.3569952776784
        ],
        [
            1634717298107,
            3860.5160599230426
        ],
        [
            1634720525765,
            3856.771218143216
        ],
        [
            1634724517151,
            3866.490311309731
        ],
        [
            1634728166024,
            3857.000224471571
        ],
        [
            1634731978285,
            3874.443106945847
        ],
        [
            1634735153492,
            3933.7471634052054
        ],
        [
            1634738611692,
            4033.7357698143246
        ],
        [
            1634742433828,
            4080.8262804396213
        ]
    ],
    "celo": [
        [
            1634660391539,
            6.097010478156922
        ],
        [
            1634663908665,
            6.109296247966621
        ],
        [
            1634666477223,
            6.054436206382445
        ],
        [
            1634670068936,
            6.05917375176341
        ],
        [
            1634674234910,
            6.037155414728283
        ],
        [
            1634677845710,
            6.038007644412792
        ],
        [
            1634681037536,
            6.053713566371003
        ],
        [
            1634684461704,
            6.1042537251583715
        ],
        [
            1634688830699,
            6.099205059760516
        ],
        [
            1634692278835,
            6.051433169199803
        ],
        [
            1634695971189,
            6.064344220930082
        ],
        [
            1634699666610,
            6.053730860008559
        ],
        [
            1634703139902,
            6.0449713384266435
        ],
        [
            1634706784843,
            6.101748876533431
        ],
        [
            1634710431009,
            6.107276182039544
        ],
        [
            1634713633952,
            6.171510639887559
        ],
        [
            1634717414556,
            6.230856168054634
        ],
        [
            1634721182653,
            6.270808717127374
        ],
        [
            1634724513830,
            6.172022044277267
        ],
        [
            1634728134291,
            6.1757977326235745
        ],
        [
            1634731738761,
            6.197621743905728
        ],
        [
            1634735342341,
            6.202187432821188
        ],
        [
            1634738615528,
            6.276860706740151
        ],
        [
            1634742053703,
            6.288005682181783
        ]
    ],
    "celo-dollar": [
        [
            1634660391654,
            1.0120369844564794
        ],
        [
            1634663908801,
            1.0164160125733914
        ],
        [
            1634667256661,
            1.0099360762209153
        ],
        [
            1634670551302,
            1.0107583228224737
        ],
        [
            1634675063291,
            1.011255753397444
        ],
        [
            1634678514673,
            1.0076873568760847
        ],
        [
            1634681322799,
            1.0103097649695298
        ],
        [
            1634685582098,
            1.009168864046937
        ],
        [
            1634689391509,
            1.0119247005099765
        ],
        [
            1634693032661,
            1.0090439958558122
        ],
        [
            1634696879088,
            1.0076882839431602
        ],
        [
            1634700729642,
            1.0086966185004644
        ],
        [
            1634704142053,
            1.0094994015244814
        ],
        [
            1634707424588,
            1.0120214189986307
        ],
        [
            1634711095978,
            1.01443150377101
        ],
        [
            1634715070449,
            1.0102831464756143
        ],
        [
            1634717792300,
            1.0097924013719304
        ],
        [
            1634722277860,
            1.008003076826923
        ],
        [
            1634725481704,
            1.0086483591298967
        ],
        [
            1634728829806,
            1.0076092493008022
        ],
        [
            1634733084172,
            1.0119973447001822
        ],
        [
            1634736272666,
            1.0111951544182156
        ],
        [
            1634740314046,
            1.013999406448749
        ],
        [
            1634743770978,
            1.0124697601825388
        ]
    ],