{
    "wrapped-bitcoin": [
        [
            1633969190186,
            57699.03690431758
        ],
        [
            1633972496646,
            57411.94300238572
        ],
        [
            1633976444847,
            57503.533901649884
        ],
        [
            1633979627007,
            57587.802186982546
        ],
        [
            1633982922290,
            57610.67392520726
        ],
        [
            1633986828152,
            57332.3635161741
        ],
        [
            1633990140658,
            57394.342420428075
        ],
        [
            1633993739443,
            57493.60983976006
        ],
        [
            1633997040340,
            57571.66071827042
        ],
        [
            1634000983098,
            57072.078923511544
        ],
        [
            1634004275371,
            57301.665416833945
        ],
        [
            1634008850727,
            56702.628565161496
        ],
        [
            1634012553969,
            57064.85499283349
        ],
        [
            1634015388339,
            57111.629307755196
        ],
        [
            1634018906696,
            57652.98304049336
        ],
        [
            1634022604559,
            57328.923978965475
        ],
        [
            1634025619585,
            57500.44574152959
        ],
        [
            1634029226213,
            57627.0308221291
        ],
        [
            1634032889296,
            57133.812197467436
        ],
        [
            1634036483885,
            57327.923932046986
        ],
        [
            1634040212816,
            57448.90924013989
        ],
        [
            1634044091868,
            57171.20028637015
        ],
        [
            1634047374888,
            57428.720240057126
        ],
        [
            1634051097785,
            56682.36535624756
        ]
    ],
    "ethereum": [
        [
            1633968060667,
            3607.447810015395
        ],
        [
            1633972115091,
            3585.0468047422864
        ],
        [
            1633975246298,
            3572.8081983534885
        ],
        [
            1633978994208,
            3565.5378475178486
        ],
        [
            1633982806312,
            3542.3697821311384
        ],
        [
            1633986073292,
            3513.948926195213
        ],
        [
            1633989643713,
            3520.8242279589263
        ],
        [
            1633993414099,
            3534.8584986219294
        ],
        [
            1633997023773,
            3537.840087124068
        ],
        [
            1634000683309,
            3509.96294199267
        ],
        [
            1634004103567,
            3532.1742051363203
        ],
        [
            1634008041202,
            3488.745108770179
        ],
        [
            1634011230909,
            3490.2091739131306
        ],
        [
            1634014870298,
            3507.8442260635893
        ],
        [
            1634018913183,
            3523.1853946098317
        ],
        [
            1634023269358,
            3497.6519007321067
        ],
        [
            1634025979656,
            3494.499211787672
        ],
        [
            1634029270432,
            3507.0565622899594
        ],
        [
            1634032951787,
            3460.02557899382
        ],
        [
            1634036563370,
            3469.6521599043244
        ],
        [
            1634040117103,
            3471.505613930514
        ],
        [
            1634043672551,
            3426.082366967033
        ],
        [
            1634047242103,
            3497.4381487957794
        ],
        [
            1634051077237,
            3489.9186797761276
        ]
    ],
    "celo": [
        [
            1633968500440,
            5.6886480997471836
        ],
        [
            1633971885184,
            5.674186470548565
        ],
        [
            1633976033409,
            5.643075443511033
        ],
        [
            1633978904874,
            5.612600935636719
        ],
        [
            1633982889466,
            5.521372884245359
        ],
        [
            1633986803759,
            5.484904752076735
        ],
        [
            1633989870242,
            5.512306140894711
        ],
        [
            1633993394332,
            5.56160934720944
        ],
        [
            1633997021126,
            5.591378302920285
        ],
        [
            1634000637177,
            5.44318311865957
        ],
        [
            1634004248277,
            5.409210285246195
        ],
        [
            1634008080298,
            5.30515562867089
        ],
        [
            1634011891491,
            5.3040125827261235
        ],
        [
            1634014911820,
            5.351530965268346
        ],
        [
            1634018586357,
            5.337908733685647
        ],
        [
            1634023262220,
            5.282216107193213
        ],
        [
            1634025623134,
            5.281402220432446
        ],
        [
            1634029286359,
            5.309597072904377
        ],
        [
            1634032835814,
            5.188736839909631
        ],
        [
            1634036574745,
            5.191408974597638
        ],
        [
            1634040214207,
            5.270767232141242
        ],
        [
            1634043683185,
            5.18727071656031
        ],
        [
            1634047377742,
            5.387009499142861
        ],
        [
            1634050889580,
            5.3481959691336876
        ]
    ],
    "celo-dollar": [
        [
            1633970030139,
            1.0043572921486745
        ],
        [
            1633973419816,
            1.0053757914771948
        ],
        [
            1633977356967,
            1.0040983979190612
        ],
        [
            1633980411533,
            1.0046047096684327
        ],
        [
            1633983260911,
            1.002492795863416
        ],
        [
            1633987183430,
            0.999685368300236
        ],
        [
            1633990721040,
            1.0023592603844116
        ],
        [
            1633994677721,
            1.0053832384542902
        ],
        [
            1633997055257,
            1.0038425890762872
        ],
        [
            1634001888514,
            1.0035505923290502
        ],
        [
            1634004290675,
            1.003009900796499
        ],
        [
            1634009381170,
            0.9981731550224092
        ],
        [
            1634013542477,
            1.0039064067288745
        ],
        [
            1634015875667,
            1.0032930024026654
        ],
        [
            1634018951375,
            1.007657504883474
        ],
        [
            1634023759731,
            1.0037300213670026
        ],
        [
            1634025674108,
            1.0038999249280616
        ],
        [
            1634029251403,
            1.0040025154114718
        ],
        [
            1634032863510,
            0.99948939574113
        ],
        [
            1634036458988,
            1.005548583365189
        ],
        [
            1634040036339,
            1.00396572670093
        ],
        [
            1634043619076,
            1.002524110186149
        ],
        [
            1634047214343,
            1.0023868982503952
        ],
        [
            1634050824705,
            0.9979946095248065
        ]
    ],