{
    "wrapped-bitcoin": [
        [
            1632413002570,
            44011.24919978646
        ],
        [
            1632416980972,
            44002.792477979434
        ],
        [
            1632420487481,
            44905.12680029711
        ],
        [
            1632423839051,
            44855.83423239494
        ],
        [
            1632427253079,
            44900.860733121925
        ],
        [
            1632430868814,
            44767.595981080594
        ],
        [
            1632434727939,
            44821.7068343944
        ],
        [
            1632438202306,
            45012.046074294754
        ],
        [
            1632442136075,
            44979.89035389664
        ],
        [
            1632446124798,
            44824.04415156248
        ],
        [
            1632449266955,
            44622.60556304259
        ],
        [
            1632452617493,
            44505.436601854686
        ],
        [
            1632456557056,
            44364.72802776998
        ],
        [
            1632459890768,
            44325.30355057064
        ],
        [
            1632463983258,
            44318.15762473178
        ],
        [
            1632467363569,
            44234.04675574574
        ],
        [
            1632471028314,
            44934.828970108254
        ],
        [
            1632474127913,
            44868.16963109151
        ],
        [
            1632477866688,
            42942.58750704686
        ],
        [
            1632481319164,
            42179.46841053296
        ],
        [
            1632485243905,
            41519.01631774521
        ],
        [
            1632488656483,
            41148.561579385445
        ],
        [
            1632492271080,
            41917.830806169135
        ],
        [
            1632495891970,
            42554.443792834456
        ]
    ],
    "ethereum": [
        [
            1632413118536,
            3109.8686718522863
        ],
        [
            1632416975065,
            3120.7135213518955
        ],
        [
            1632420059508,
            3178.388948232943
        ],
        [
            1632423690845,
            3157.6564390647086
        ],
        [
            1632427675085,
            3157.8469302925255
        ],
        [
            1632431326037,
            3151.8254190251246
        ],
        [
            1632434558110,
            3137.876688878562
        ],
        [
            1632438155382,
            3162.5848760292633
        ],
        [
            1632442120524,
            3159.480366189226
        ],
        [
            1632446336170,
            3141.1233175242837
        ],
        [
            1632449028231,
            3123.626564940287
        ],
        [
            1632452614646,
            3104.1183889889517
        ],
        [
            1632456213481,
            3090.620821804723
        ],
        [
            1632459831530,
            3088.299892953834
        ],
        [
            1632463916160,
            3092.033608215986
        ],
        [
            1632467019859,
            3071.2881458554057
        ],
        [
            1632470813068,
            3107.1444584118103
        ],
        [
            1632474025649,
            3097.9737391340127
        ],
        [
            1632478148793,
            2881.3547606633642
        ],
        [
            1632481322474,
            2845.9213463111128
        ],
        [
            1632485568175,
            2816.2671295371865
        ],
        [
            1632488602646,
            2798.9915221969814
        ],
        [
            1632492098772,
            2866.9975727400406
        ],
        [
            1632495869092,
            2906.3719190632473
        ]
    ],
    "celo": [
        [
            1632413327526,
            6.94442269410493
        ],
        [
            1632416480715,
            7.132576419408882
        ],
        [
            1632420498046,
            7.384193848173587
        ],
        [
            1632423820447,
            7.560155132298608
        ],
        [
            1632427850521,
            7.398460149828842
        ],
        [
            1632430812788,
            7.61403527607118
        ],
        [
            1632434889449,
            7.406119429545342
        ],
        [
            1632438183249,
            7.365106570656184
        ],
        [
            1632442099290,
            7.169230238625779
        ],
        [
            1632446465266,
            7.103138061197084
        ],
        [
            1632449039366,
            7.208431170693722
        ],
        [
            1632452616005,
            7.046104609835966
        ],
        [
            1632456308260,
            6.879545514593025
        ],
        [
            1632459887906,
            6.8334480643162445
        ],
        [
            1632463958567,
            7.125124419070538
        ],
        [
            1632467652726,
            7.504818156084039
        ],
        [
            1632471474138,
            7.348904681066493
        ],
        [
            1632474486386,
            7.199793687079516
        ],
        [
            1632478057829,
            6.62805187704083
        ],
        [
            1632481323145,
            6.559024775890493
        ],
        [
            1632484923263,
            6.822273359924426
        ],
        [
            1632488655360,
            6.575423818101349
        ],
        [
            1632492089305,
            6.832237091191976
        ],
        [
            1632495754242,
            7.200227920675032
        ]
    ],
    "celo-dollar": [
        [
            1632413412574,
            1.0179788498258218
        ],
        [
            1632417140197,
            1.017557815712612
        ],
        [
            1632420527610,
            1.0171594361085774
        ],
        [
            1632423900069,
            1.0124191276130852
        ],
        [
            1632428008391,
            1.0124194825812476
        ],
        [
            1632431540986,
            1.014509241631896
        ],
        [
            1632434902114,
            1.0103062313563735
        ],
        [
            1632438269017,
            1.0128005862211622
        ],
        [
            1632442631505,
            1.0094237057054232
        ],
        [
            1632446928728,
            1.0076480418435056
        ],
        [
            1632449699471,
            1.0053993115303475
        ],
        [
            1632452661160,
            1.007293908360506
        ],
        [
            1632456570879,
            1.008626870060595
        ],
        [
            1632460149244,
            1.0088298241715175
        ],
        [
            1632463996656,
            1.0113003970837287
        ],
        [
            1632468094032,
            1.011271895305282
        ],
        [
            1632471489223,
            1.0105506544002771
        ],
        [
            1632475149826,
            0.989783111089469
        ],
        [
            1632478443666,
            1.003917481421224
        ],
        [
            1632481475434,
            1.0084578495647967
        ],
        [
            1632485803837,
            1.0003932994824574
        ],
        [
            1632488687671,
            1.0012910796350003
        ],
        [
            1632492285285,
            1.0078722335874613
        ],
        [
            1632496045664,
            1.011706513655553
        ]
    ],