{
    "wrapped-bitcoin": [
        [
            1632932652953,
            41779.107170378025
        ],
        [
            1632937121125,
            41680.772455460195
        ],
        [
            1632940790812,
            41396.048024980984
        ],
        [
            1632944373606,
            41397.22641917377
        ],
        [
            1632946824870,
            41210.61718653848
        ],
        [
            1632949834262,
            41179.049463276686
        ],
        [
            1632953468979,
            41264.29227540882
        ],
        [
            1632957017341,
            41547.030824104586
        ],
        [
            1632960696962,
            41671.72017518992
        ],
        [
            1632964268565,
            42577.30668440073
        ],
        [
            1632967637857,
            43213.28686825856
        ],
        [
            1632970885802,
            43204.270481982756
        ],
        [
            1632974619994,
            43550.64608849411
        ],
        [
            1632978195255,
            43572.467294931084
        ],
        [
            1632981877715,
            43649.2020761096
        ],
        [
            1632985262447,
            43555.83956410772
        ],
        [
            1632988921617,
            43380.96112954208
        ],
        [
            1632992968967,
            43229.30926075435
        ],
        [
            1632996260122,
            43139.95990322182
        ],
        [
            1632999889106,
            43007.09103080583
        ],
        [
            1633003412149,
            42984.460956649804
        ],
        [
            1633007059727,
            43649.604368297536
        ],
        [
            1633010860619,
            43284.71261177558
        ],
        [
            1633014001541,
            43069.21594378165
        ]
    ],
    "ethereum": [
        [
            1632931459411,
            2866.4644879909324
        ],
        [
            1632935048296,
            2857.9077812604664
        ],
        [
            1632938432677,
            2827.7916006573623
        ],
        [
            1632942006362,
            2826.0106796359173
        ],
        [
            1632946154931,
            2817.160226350534
        ],
        [
            1632949506771,
            2819.851722835852
        ],
        [
            1632953456433,
            2829.5342214248562
        ],
        [
            1632956460901,
            2849.478176466921
        ],
        [
            1632960740924,
            2857.0727297920675
        ],
        [
            1632963758974,
            2927.3592165812483
        ],
        [
            1632967221845,
            2970.6945861872937
        ],
        [
            1632970844107,
            2984.943656032524
        ],
        [
            1632974629112,
            3023.0207088781663
        ],
        [
            1632978318360,
            3027.3718489273715
        ],
        [
            1632982031401,
            3035.9865459576145
        ],
        [
            1632985363705,
            3026.596666474961
        ],
        [
            1632989066045,
            3005.526950682973
        ],
        [
            1632992863788,
            2981.915733347118
        ],
        [
            1632996246445,
            2982.0691995917077
        ],
        [
            1632999889317,
            2972.3167935502115
        ],
        [
            1633003408794,
            2959.670007222989
        ],
        [
            1633007052382,
            3022.071146370236
        ],
        [
            1633010649474,
            2991.031016180369
        ],
        [
            1633014198487,
            2976.531103860375
        ]
    ],
    "celo": [
        [
            1632931658871,
            5.710810732870646
        ],
        [
            1632935166773,
            5.7000758012769985
        ],
        [
            1632938513793,
            5.631575605609621
        ],
        [
            1632943241588,
            5.624904885478162
        ],
        [
            1632946476672,
            5.545914375278317
        ],
        [
            1632949912743,
            5.6138867043183
        ],
        [
            1632953138358,
            5.639508533253575
        ],
        [
            1632956894724,
            5.6818975889812835
        ],
        [
            1632960821625,
            5.670218483587278
        ],
        [
            1632964367826,
            5.783994881152615
        ],
        [
            1632967286692,
            5.815436613817806
        ],
        [
            1632970896052,
            5.796430166405008
        ],
        [
            1632974638755,
            5.808284823967601
        ],
        [
            1632978337418,
            5.77807084462338
        ],
        [
            1632981724777,
            5.759231764034588
        ],
        [
            1632985324528,
            5.8219201781883685
        ],
        [
            1632989256720,
            5.7149630302756975
        ],
        [
            1632992807053,
            5.657468834856383
        ],
        [
            1632996075384,
            5.663474028905547
        ],
        [
            1632999894399,
            5.668823270430656
        ],
        [
            1633003531612,
            5.751821564924193
        ],
        [
            1633007060810,
            5.783303038931285
        ],
        [
            1633010676671,
            5.809559543662681
        ],
        [
            1633014461604,
            5.732752766946999
        ]
    ],
    "celo-dollar": [
        [
            1632933113487,
            1.0033642343288796
        ],
        [
            1632937576865,
            1.0056633507282369
        ],
        [
            1632941308713,
            1.0072957293323306
        ],
        [
            1632944678978,
            1.00690393952509
        ],
        [
            1632948524003,
            1.0068221396243464
        ],
        [
            1632951975590,
            1.011841425249147
        ],
        [
            1632955713808,
            1.0099497128481425
        ],
        [
            1632959322846,
            1.0089785809243017
        ],
        [
            1632962936610,
            1.0083569543021458
        ],
        [
            1632966273276,
            1.0096910740395724
        ],
        [
            1632967939635,
            1.0099875040144557
        ],
        [
            1632970915821,
            1.0097226933000754
        ],
        [
            1632974652041,
            1.0062880615906695
        ],
        [
            1632978391268,
            1.0054622310980952
        ],
        [
            1632982271428,
            1.0050703571711688
        ],
        [
            1632985647804,
            1.0048819448421853
        ],
        [
            1632989303240,
            1.0054244216708108
        ],
        [
            1632992991511,
            1.0055396651509936
        ],
        [
            1632996479296,
            1.002579459277364
        ],
        [
            1632999990439,
            1.0045308998916482
        ],
        [
            1633003919582,
            1.0079408327398507
        ],
        [
            1633007396242,
            1.0078872519469337
        ],
        [
            1633011050330,
            1.0063493270136952
        ],
        [
            1633014475297,
            1.0059364122643955
        ]
    ],