{
    "wrapped-bitcoin": [
        [
            1632672271303,
            43510.66798094313
        ],
        [
            1632676151280,
            43354.27282174506
        ],
        [
            1632679907448,
            43334.3479727606
        ],
        [
            1632683313382,
            43380.906717360886
        ],
        [
            1632686962183,
            43460.859958878646
        ],
        [
            1632690552400,
            43665.87072990718
        ],
        [
            1632694091272,
            43656.27168192393
        ],
        [
            1632697928190,
            43012.28473621024
        ],
        [
            1632701355891,
            43284.8190865109
        ],
        [
            1632705211041,
            43947.80185170484
        ],
        [
            1632708474621,
            44341.49030727661
        ],
        [
            1632712136677,
            44303.842270665686
        ],
        [
            1632715400889,
            44017.993636166066
        ],
        [
            1632719612864,
            44132.96681758697
        ],
        [
            1632722848670,
            44279.00103256834
        ],
        [
            1632726285609,
            43930.13246575091
        ],
        [
            1632730042118,
            43917.249554219896
        ],
        [
            1632733388325,
            43978.45635144765
        ],
        [
            1632737323491,
            43697.836096688436
        ],
        [
            1632741107612,
            43832.287451086995
        ],
        [
            1632744416466,
            43797.494453906336
        ],
        [
            1632748070303,
            43670.69124475189
        ],
        [
            1632751430069,
            43592.658444878274
        ],
        [
            1632755667761,
            43279.42837607686
        ]
    ],
    "ethereum": [
        [
            1632672199017,
            3052.964900173742
        ],
        [
            1632675783822,
            3046.291155485766
        ],
        [
            1632679444020,
            3045.96856174757
        ],
        [
            1632683054168,
            3059.37790725905
        ],
        [
            1632686662358,
            3067.283030754163
        ],
        [
            1632690030895,
            3088.702721596831
        ],
        [
            1632693790236,
            3089.41981877873
        ],
        [
            1632697677749,
            3049.1842848075175
        ],
        [
            1632700805449,
            3063.31634471348
        ],
        [
            1632704640753,
            3135.4633612322637
        ],
        [
            1632708024412,
            3166.317867631426
        ],
        [
            1632711814675,
            3141.696813675168
        ],
        [
            1632715298390,
            3128.4515714214544
        ],
        [
            1632719178772,
            3130.1050087166145
        ],
        [
            1632722607997,
            3133.825824977834
        ],
        [
            1632726116169,
            3110.9580076679676
        ],
        [
            1632729901322,
            3102.4286256000955
        ],
        [
            1632733376082,
            3116.3591386091553
        ],
        [
            1632737078274,
            3101.54858889758
        ],
        [
            1632740985151,
            3110.6781630738
        ],
        [
            1632744020230,
            3106.445629766325
        ],
        [
            1632747797714,
            3088.7336230305186
        ],
        [
            1632751377478,
            3075.807966907994
        ],
        [
            1632755159078,
            3053.180416534784
        ]
    ],
    "celo": [
        [
            1632672242093,
            6.3510725586354395
        ],
        [
            1632676084991,
            6.224049616426474
        ],
        [
            1632679666263,
            6.425800484559565
        ],
        [
            1632682824231,
            6.441680931208432
        ],
        [
            1632686562724,
            6.54177868657698
        ],
        [
            1632690262821,
            6.467880423847996
        ],
        [
            1632693796107,
            6.383287686953486
        ],
        [
            1632697556932,
            6.239993609930022
        ],
        [
            1632701042584,
            6.251487053590069
        ],
        [
            1632704595974,
            6.470641834769523
        ],
        [
            1632708135216,
            6.879166320802111
        ],
        [
            1632711811486,
            6.741612357515799
        ],
        [
            1632715389191,
            6.694543573508689
        ],
        [
            1632719015306,
            6.608269871521309
        ],
        [
            1632722535922,
            6.72463047080152
        ],
        [
            1632726184892,
            6.577481875439512
        ],
        [
            1632729940783,
            6.564170188769806
        ],
        [
            1632733376026,
            6.418750364240693
        ],
        [
            1632737316834,
            6.379299682446953
        ],
        [
            1632740986204,
            6.347039144370332
        ],
        [
            1632744225024,
            6.381183211220953
        ],
        [
            1632747889573,
            6.384292265302835
        ],
        [
            1632751399225,
            6.451320870740069
        ],
        [
            1632755019626,
            6.293705100172242
        ]
    ],
    "celo-dollar": [
        [
            1632672278574,
            1.010583435747785
        ],
        [
            1632676161642,
            1.0102854534899515
        ],
        [
            1632680083683,
            1.0103069541149934
        ],
        [
            1632683325967,
            1.0110631388358626
        ],
        [
            1632686972645,
            1.011907450826084
        ],
        [
            1632690617537,
            1.010307420416474
        ],
        [
            1632694100162,
            1.0115532218150203
        ],
        [
            1632698053816,
            1.0084130829086733
        ],
        [
            1632701360329,
            1.0128833774679582
        ],
        [
            1632705216960,
            1.0093761958163097
        ],
        [
            1632708480424,
            1.0118868077822551
        ],
        [
            1632712144536,
            1.0099928569937422
        ],
        [
            1632715404861,
            1.0045983385756576
        ],
        [
            1632719642704,
            1.011665864120346
        ],
        [
            1632722868317,
            1.009788001586942
        ],
        [
            1632726376542,
            1.006608327716541
        ],
        [
            1632730072057,
            1.01046826109723
        ],
        [
            1632733552636,
            1.011424078865321
        ],
        [
            1632737329723,
            1.0100106859041038
        ],
        [
            1632741172151,
            1.007254066020099
        ],
        [
            1632744442027,
            1.010212124677887
        ],
        [
            1632748346637,
            1.0102128444078464
        ],
        [
            1632751444259,
            1.011824518281228
        ],
        [
            1632755673208,
            1.007008358148028
        ]
    ],