{
    "wrapped-bitcoin": [
        [
            1635266249967,
            62558.15884852199
        ],
        [
            1635269855116,
            62520.026996313936
        ],
        [
            1635273422637,
            62676.55532488219
        ],
        [
            1635277062820,
            62443.58698735833
        ],
        [
            1635280705944,
            62595.93644667167
        ],
        [
            1635284248062,
            62290.27520771775
        ],
        [
            1635287871585,
            60831.10065368559
        ],
        [
            1635291448686,
            60696.03218362513
        ],
        [
            1635295155699,
            60784.42610547469
        ],
        [
            1635298684661,
            60828.07232473991
        ],
        [
            1635302310817,
            60884.28312982173
        ],
        [
            1635305836315,
            61226.259391078056
        ],
        [
            1635309444684,
            61587.08266523645
        ],
        [
            1635313085613,
            61475.59327086962
        ],
        [
            1635316050553,
            61144.11921228129
        ],
        [
            1635319576049,
            60962.9080190795
        ],
        [
            1635323746768,
            58677.47289046901
        ],
        [
            1635327442516,
            58765.336362075344
        ],
        [
            1635329956153,
            58811.93963637644
        ],
        [
            1635334648167,
            59010.824129207766
        ],
        [
            1635338015771,
            58800.838899234346
        ],
        [
            1635341896884,
            58953.082627128366
        ],
        [
            1635345502983,
            58813.92865838637
        ],
        [
            1635349073487,
            59121.87508242943
        ]
    ],
    "ethereum": [
        [
            1635264368322,
            4205.484348420373
        ],
        [
            1635267759355,
            4171.052294569287
        ],
        [
            1635271559466,
            4231.885806384332
        ],
        [
            1635275181519,
            4228.9039174134
        ],
        [
            1635278562684,
            4232.630277407245
        ],
        [
            1635282115202,
            4273.194480742138
        ],
        [
            1635285840048,
            4195.788991300081
        ],
        [
            1635289488931,
            4126.008934635096
        ],
        [
            1635292997936,
            4152.570288731245
        ],
        [
            1635296425684,
            4176.253544996673
        ],
        [
            1635300309612,
            4166.350363831913
        ],
        [
            1635303851944,
            4173.833080235771
        ],
        [
            1635307444044,
            4226.913152185144
        ],
        [
            1635311087329,
            4298.2972614912715
        ],
        [
            1635314651437,
            4276.410322908874
        ],
        [
            1635318022314,
            4258.480183551949
        ],
        [
            1635321684144,
            4158.034341272135
        ],
        [
            1635325521110,
            4039.264473036484
        ],
        [
            1635329000501,
            4020.7656805147394
        ],
        [
            1635332887961,
            4028.542141391171
        ],
        [
            1635336298856,
            4005.8952768706718
        ],
        [
            1635339748651,
            4021.125799116214
        ],
        [
            1635343527641,
            4010.4744815924887
        ],
        [
            1635346914788,
            4043.6732068245738
        ]
    ],
    "celo": [
        [
            1635265185833,
            7.721181921821411
        ],
        [
            1635267801756,
            7.834719798586556
        ],
        [
            1635271373342,
            7.709575789881208
        ],
        [
            1635276896530,
            7.46548336700398
        ],
        [
            1635278683994,
            7.4084867301756745
        ],
        [
            1635283519673,
            7.395315759962423
        ],
        [
            1635286001974,
            7.27607699950407
        ],
        [
            1635289298011,
            7.16016874398676
        ],
        [
            1635293231218,
            7.291011964503103
        ],
        [
            1635296751376,
            7.3376204786704955
        ],
        [
            1635300547134,
            7.200051760453453
        ],
        [
            1635303644569,
            7.1345442474108935
        ],
        [
            1635307264067,
            7.195053486926848
        ],
        [
            1635310940651,
            7.2695397303981855
        ],
        [
            1635315019228,
            7.127038475638676
        ],
        [
            1635318015317,
            7.034513421262947
        ],
        [
            1635322013864,
            6.547028671618141
        ],
        [
            1635325952441,
            6.4275686364671865
        ],
        [
            1635329000173,
            6.427606913195686
        ],
        [
            1635332508861,
            6.5093510362247
        ],
        [
            1635336298665,
            6.424129325925404
        ],
        [
            1635340643891,
            6.594811956882205
        ],
        [
            1635343385737,
            6.558268233843566
        ],
        [
            1635347260645,
            6.634649176676633
        ]
    ],
    "celo-dollar": [
        [
            1635264331966,
            1.0118009075605885
        ],
        [
            1635267868687,
            1.0092034224017508
        ],
        [
            1635271256229,
            1.010247159585039
        ],
        [
            1635275063339,
            1.0084436377026047
        ],
        [
            1635278615589,
            1.0041350302821261
        ],
        [
            1635282239325,
            1.0085462934255738
        ],
        [
            1635285660887,
            0.9934948121664179
        ],
        [
            1635289614130,
            1.0066860472123704
        ],
        [
            1635293318140,
            1.0079721132343602
        ],
        [
            1635296591768,
            1.0074842723575594
        ],
        [
            1635300107997,
            1.0051499512091624
        ],
        [
            1635303809247,
            1.0074674601834102
        ],
        [
            1635307406486,
            1.0074453194027324
        ],
        [
            1635310989542,
            1.0099251964719724
        ],
        [
            1635314606352,
            1.0070628688781624
        ],
        [
            1635318495550,
            1.0068101629712898
        ],
        [
            1635321663959,
            1.0053085956710437
        ],
        [
            1635325253756,
            1.0030204278524193
        ],
        [
            1635328995894,
            1.0019587092094908
        ],
        [
            1635332623867,
            1.0038774959963275
        ],
        [
            1635336106075,
            1.003073487620897
        ],
        [
            1635339653152,
            1.0037883964915544
        ],
        [
            1635343372481,
            1.003792499488154
        ],
        [
            1635346943813,
            1.0050453326172941
        ]
    ],