{
    "wrapped-bitcoin": [
        [
            1631981014442,
            48463.937619230914
        ],
        [
            1631984915563,
            48283.26929488116
        ],
        [
            1631988100733,
            48430.37035151048
        ],
        [
            1631991757044,
            48342.740179624125
        ],
        [
            1631995346798,
            48249.1852053627
        ],
        [
            1631998938248,
            48048.183632786226
        ],
        [
            1632002691973,
            48094.8412141578
        ],
        [
            1632006536492,
            48143.11870064835
        ],
        [
            1632010138816,
            48379.76179602089
        ],
        [
            1632013586206,
            48058.241804522346
        ],
        [
            1632017392472,
            48000.18510419955
        ],
        [
            1632020848831,
            48117.48593996409
        ],
        [
            1632024180505,
            47893.56388290601
        ],
        [
            1632027980984,
            47943.79376175907
        ],
        [
            1632031644696,
            48146.49441279813
        ],
        [
            1632035237603,
            48273.08522017131
        ],
        [
            1632038774234,
            48262.76983340184
        ],
        [
            1632042589305,
            48304.18944331671
        ],
        [
            1632046173565,
            48246.318960745106
        ],
        [
            1632049706955,
            48151.60186189357
        ],
        [
            1632053285955,
            47361.90094407431
        ],
        [
            1632056657481,
            47378.349298220026
        ],
        [
            1632060278545,
            47477.29840830758
        ],
        [
            1632063648298,
            47705.04233628697
        ]
    ],
    "ethereum": [
        [
            1631980852999,
            3474.4959306408637
        ],
        [
            1631984777008,
            3451.7401534419555
        ],
        [
            1631988373220,
            3459.24452836507
        ],
        [
            1631992050367,
            3452.018593808683
        ],
        [
            1631995467832,
            3441.427980295284
        ],
        [
            1631998873979,
            3405.891711387826
        ],
        [
            1632002982290,
            3399.7849795598677
        ],
        [
            1632006527024,
            3419.42694116857
        ],
        [
            1632009856115,
            3436.983264291013
        ],
        [
            1632013250455,
            3416.8882272070387
        ],
        [
            1632017363999,
            3423.133491911805
        ],
        [
            1632020418549,
            3425.9533138208953
        ],
        [
            1632024081361,
            3424.959484817794
        ],
        [
            1632027658593,
            3411.0979642437396
        ],
        [
            1632031256360,
            3431.9920390810476
        ],
        [
            1632035011326,
            3434.1289179787177
        ],
        [
            1632038578153,
            3448.107753675042
        ],
        [
            1632042542357,
            3452.4670209275314
        ],
        [
            1632046134006,
            3431.6814854452045
        ],
        [
            1632049491312,
            3420.3944499170775
        ],
        [
            1632052930567,
            3335.2519811279453
        ],
        [
            1632056630421,
            3349.4787446178175
        ],
        [
            1632060284923,
            3360.56541909103
        ],
        [
            1632063775850,
            3364.254790256765
        ]
    ],
    "celo": [
        [
            1631981024195,
            5.38621320138243
        ],
        [
            1631984927592,
            5.3218528283947855
        ],
        [
            1631988559083,
            5.295021340901876
        ],
        [
            1631992065203,
            5.3373417898546895
        ],
        [
            1631995481754,
            5.279387516375629
        ],
        [
            1631999079430,
            5.196995157398469
        ],
        [
            1632003116724,
            5.193275354536989
        ],
        [
            1632006548786,
            5.199455221270642
        ],
        [
            1632010181506,
            5.250980428468946
        ],
        [
            1632013242528,
            5.187156273423759
        ],
        [
            1632016984069,
            5.240029746612878
        ],
        [
            1632020635665,
            5.315408467006017
        ],
        [
            1632024035031,
            5.277468984539417
        ],
        [
            1632027619187,
            5.166826756658268
        ],
        [
            1632031677947,
            5.267843752313365
        ],
        [
            1632035235312,
            5.267560853531215
        ],
        [
            1632038450458,
            5.2280635547319365
        ],
        [
            1632042667135,
            5.290712449383968
        ],
        [
            1632046134435,
            5.3788989683416055
        ],
        [
            1632049489859,
            5.768351480421377
        ],
        [
            1632053001206,
            5.59930366018049
        ],
        [
            1632056415137,
            6.0912593063499285
        ],
        [
            1632060279219,
            5.917826668318596
        ],
        [
            1632063805107,
            5.7101355926903485
        ]
    ],
    "celo-dollar": [
        [
            1631981044301,
            1.0023438124530124
        ],
        [
            1631984978955,
            1.002252956137009
        ],
        [
            1631988569382,
            1.003005365915132
        ],
        [
            1631992316271,
            1.003373872322045
        ],
        [
            1631995681109,
            1.0031982922676972
        ],
        [
            1631999094116,
            1.004079821580473
        ],
        [
            1632003226518,
            1.0023957382164026
        ],
        [
            1632006809475,
            1.002231259355726
        ],
        [
            1632010333271,
            1.0050128183554254
        ],
        [
            1632013599835,
            1.0024979930912263
        ],
        [
            1632017522105,
            1.0028626000243932
        ],
        [
            1632020912017,
            1.0061749876613704
        ],
        [
            1632024223944,
            1.0055253029926279
        ],
        [
            1632028474385,
            1.0075677354185641
        ],
        [
            1632031723423,
            1.0085727736501378
        ],
        [
            1632035320856,
            1.0049448841762483
        ],
        [
            1632039293204,
            1.0061749654199243
        ],
        [
            1632042745569,
            1.0053022886951
        ],
        [
            1632046373569,
            1.0039066006350998
        ],
        [
            1632049730247,
            1.003460822754968
        ],
        [
            1632053388950,
            1.0030664113210461
        ],
        [
            1632056908903,
            1.0043573308909686
        ],
        [
            1632060534290,
            1.004045564724801
        ],
        [
            1632064471029,
            1.0032554611120175
        ]
    ],