{
    "wrapped-bitcoin": [
        [
            1634746238274,
            67124.99985022163
        ],
        [
            1634749838134,
            66654.41479815307
        ],
        [
            1634752935896,
            66666.18082369439
        ],
        [
            1634757560034,
            66961.7844069693
        ],
        [
            1634761774055,
            66325.61892176008
        ],
        [
            1634765037905,
            66254.12917406956
        ],
        [
            1634768846965,
            66188.66458849935
        ],
        [
            1634772800318,
            66377.70951906897
        ],
        [
            1634775975438,
            66170.86792008503
        ],
        [
            1634779916032,
            66076.29833275433
        ],
        [
            1634782866530,
            65342.61529462098
        ],
        [
            1634787125032,
            64767.671875991036
        ],
        [
            1634790587979,
            65254.85478252703
        ],
        [
            1634794242991,
            65339.20628062867
        ],
        [
            1634798320412,
            64977.42303369513
        ],
        [
            1634800986765,
            65043.3465371124
        ],
        [
            1634805010498,
            65805.78445064476
        ],
        [
            1634808831991,
            66560.93461358198
        ],
        [
            1634811918782,
            66310.57017668858
        ],
        [
            1634816132603,
            66067.87566750015
        ],
        [
            1634819497757,
            65076.61035546032
        ],
        [
            1634823362750,
            65643.30539610812
        ],
        [
            1634826915075,
            64185.71135041325
        ],
        [
            1634830610415,
            62953.63920664423
        ]
    ],
    "ethereum": [
        [
            1634746266116,
            4089.4076134895795
        ],
        [
            1634749272848,
            4097.285210286507
        ],
        [
            1634752952930,
            4090.746786241925
        ],
        [
            1634756673004,
            4130.595199110236
        ],
        [
            1634760569265,
            4121.906195644867
        ],
        [
            1634763881362,
            4123.0170851876255
        ],
        [
            1634767334137,
            4129.345869436462
        ],
        [
            1634771216821,
            4142.115252795516
        ],
        [
            1634774558921,
            4170.107932886265
        ],
        [
            1634778017199,
            4199.1496795239145
        ],
        [
            1634781642668,
            4205.586000070692
        ],
        [
            1634785200635,
            4222.458922042521
        ],
        [
            1634788928454,
            4206.298383668971
        ],
        [
            1634792923054,
            4182.2856734707775
        ],
        [
            1634796042975,
            4197.628097095646
        ],
        [
            1634799754622,
            4151.507063228446
        ],
        [
            1634803554289,
            4171.798041386751
        ],
        [
            1634807149286,
            4221.066409809751
        ],
        [
            1634810747430,
            4292.065153372117
        ],
        [
            1634814284568,
            4310.504733192515
        ],
        [
            1634817903180,
            4250.062763093904
        ],
        [
            1634821810649,
            4229.456951996327
        ],
        [
            1634825124078,
            4210.336337630949
        ],
        [
            1634829017400,
            4127.580024344933
        ]
    ],
    "celo": [
        [
            1634745646381,
            6.261935742882251
        ],
        [
            1634749940609,
            6.483069699446307
        ],
        [
            1634753317895,
            6.6827042058222395
        ],
        [
            1634756796174,
            6.68240887281124
        ],
        [
            1634760415685,
            6.645951656533691
        ],
        [
            1634763892383,
            6.608553038558914
        ],
        [
            1634767528402,
            6.566805185649257
        ],
        [
            1634771509446,
            6.600807577138214
        ],
        [
            1634774759410,
            6.571716761796181
        ],
        [
            1634778771857,
            6.616488953482784
        ],
        [
            1634782198315,
            6.5277536650280314
        ],
        [
            1634786005399,
            6.567530830345161
        ],
        [
            1634789646593,
            6.597181935823774
        ],
        [
            1634792813661,
            6.5792769888771545
        ],
        [
            1634796579360,
            6.5670685218846945
        ],
        [
            1634800368534,
            6.561082038347101
        ],
        [
            1634803428200,
            6.634490717882258
        ],
        [
            1634807563082,
            6.681885809071449
        ],
        [
            1634810634470,
            6.6580951154256365
        ],
        [
            1634815135378,
            6.713570793839741
        ],
        [
            1634817750682,
            6.518565756030275
        ],
        [
            1634822035295,
            6.706165784778184
        ],
        [
            1634825279544,
            6.846514982919481
        ],
        [
            1634828799717,
            6.7325300023322265
        ]
    ],
    "celo-dollar": [
        [
            1634746794733,
            1.0130690358067376
        ],
        [
            1634751067954,
            1.0120704796815936
        ],
        [
            1634753934778,
            1.0129235157071692
        ],
        [
            1634757559956,
            1.012566218793706
        ],
        [
            1634761774053,
            1.010176514235014
        ],
        [
            1634765037016,
            1.0114697945870665
        ],
        [
            1634768846564,
            1.0128512090957547
        ],
        [
            1634772799080,
            1.0115887380804747
        ],
        [
            1634775974570,
            1.0110155061519914
        ],
        [
            1634779915406,
            1.0110532982198663
        ],
        [
            1634782861663,
            1.0068308960125512
        ],
        [
            1634787122075,
            1.0065120528512361
        ],
        [
            1634790587905,
            1.0119983982410983
        ],
        [
            1634794241784,
            1.0119426338436814
        ],
        [
            1634798265553,
            1.0106009857523732
        ],
        [
            1634800986604,
            1.0115609655314595
        ],
        [
            1634805008419,
            1.0132776326447108
        ],
        [
            1634808831975,
            1.0125274150163417
        ],
        [
            1634811918421,
            1.010908800593684
        ],
        [
            1634816126698,
            1.0117053767963589
        ],
        [
            1634819495876,
            1.0082481422530196
        ],
        [
            1634823362308,
            1.015894555160239
        ],
        [
            1634826913492,
            1.010403459067797
        ],
        [
            1634830609450,
            1.0030550208789781
        ]
    ],