{
    "wrapped-bitcoin": [
        [
            1634920630264,
            61514.28622362908
        ],
        [
            1634924257884,
            61176.387885307355
        ],
        [
            1634927754177,
            60913.948203095046
        ],
        [
            1634931539183,
            60786.18591205897
        ],
        [
            1634934813749,
            61176.34299876855
        ],
        [
            1634938698517,
            60863.07979490875
        ],
        [
            1634942263252,
            60644.60920212063
        ],
        [
            1634945911431,
            61147.38533027988
        ],
        [
            1634949536689,
            60831.3406912248
        ],
        [
            1634953127395,
            61114.628383967254
        ],
        [
            1634956459619,
            61178.63693671499
        ],
        [
            1634960274645,
            61157.45739551533
        ],
        [
            1634963696737,
            61787.66962232518
        ],
        [
            1634967474402,
            61332.958180361886
        ],
        [
            1634971036953,
            61266.862936928315
        ],
        [
            1634974660564,
            61207.67653056833
        ],
        [
            1634978225749,
            61330.28544251392
        ],
        [
            1634981700057,
            60633.14398542532
        ],
        [
            1634985426817,
            60706.293922122306
        ],
        [
            1634988897991,
            61501.357042563046
        ],
        [
            1634992624258,
            61888.10879608562
        ],
        [
            1634996289596,
            61715.83250797186
        ],
        [
            1634999844233,
            61489.77442837776
        ],
        [
            1635003452305,
            61821.95600083808
        ]
    ],
    "ethereum": [
        [
            1634918466690,
            3977.6623691719947
        ],
        [
            1634922024701,
            3989.7032609147795
        ],
        [
            1634926090196,
            3943.66464929875
        ],
        [
            1634929529264,
            3980.4639625600066
        ],
        [
            1634933126732,
            3995.2021250020193
        ],
        [
            1634937543508,
            3985.148935131304
        ],
        [
            1634940024926,
            3948.3467541816417
        ],
        [
            1634943851480,
            3978.9349988813433
        ],
        [
            1634947768433,
            3972.433904519876
        ],
        [
            1634951022794,
            3999.696494254404
        ],
        [
            1634954431897,
            3991.9707148875373
        ],
        [
            1634958065210,
            4030.5288692806944
        ],
        [
            1634962096704,
            4034.9791062998315
        ],
        [
            1634965550710,
            4059.0642971577126
        ],
        [
            1634969115337,
            4031.6018719739027
        ],
        [
            1634972636080,
            4043.5525955204375
        ],
        [
            1634976239715,
            4040.2426371646857
        ],
        [
            1634979683932,
            4042.915380857728
        ],
        [
            1634983759803,
            4022.013971038032
        ],
        [
            1634987328784,
            3971.3899951609897
        ],
        [
            1634990968728,
            4059.4617067195527
        ],
        [
            1634994288032,
            4056.9369014578765
        ],
        [
            1634998111799,
            4051.0236028024065
        ],
        [
            1635001209978,
            4048.365861659732
        ]
    ],
    "celo": [
        [
            1634919778624,
            6.447777930892914
        ],
        [
            1634922752887,
            6.549814394913606
        ],
        [
            1634925788828,
            6.524225254182663
        ],
        [
            1634929646008,
            6.595481020562332
        ],
        [
            1634933215869,
            6.621616951298626
        ],
        [
            1634936563405,
            6.553095325508353
        ],
        [
            1634940300779,
            6.52747163784107
        ],
        [
            1634943845993,
            6.629170510877701
        ],
        [
            1634947849697,
            6.663493182724781
        ],
        [
            1634951439031,
            6.647082578495374
        ],
        [
            1634954812280,
            6.614938254858987
        ],
        [
            1634958124475,
            6.636414039145832
        ],
        [
            1634961617686,
            6.703603687091818
        ],
        [
            1634965748461,
            6.7311960837801985
        ],
        [
            1634969247324,
            6.617609908884186
        ],
        [
            1634973896219,
            6.5657458339156305
        ],
        [
            1634976928357,
            6.572354446311868
        ],
        [
            1634980567082,
            6.573630062524062
        ],
        [
            1634983256821,
            6.510195355973446
        ],
        [
            1634987470593,
            6.47091541470181
        ],
        [
            1634990807084,
            6.559063707032605
        ],
        [
            1634994258470,
            6.554665388783343
        ],
        [
            1634997703836,
            6.564460033325552
        ],
        [
            1635002057168,
            6.579542931131515
        ]
    ],
    "celo-dollar": [
        [
            1634920629377,
            1.0091915394158522
        ],
        [
            1634924257067,
            1.003836347737533
        ],
        [
            1634927752546,
            1.0087152625143982
        ],
        [
            1634931539111,
            1.0098767952724805
        ],
        [
            1634934812680,
            1.0082449404641274
        ],
        [
            1634938698164,
            1.0096661736414967
        ],
        [
            1634942260879,
            1.0087839789446684
        ],
        [
            1634945910301,
            1.0103110810624258
        ],
        [
            1634949534038,
            1.0085140777063437
        ],
        [
            1634953126700,
            1.0056644085689952
        ],
        [
            1634956458176,
            1.0052678085789521
        ],
        [
            1634960272597,
            1.0052057389457272
        ],
        [
            1634963694976,
            1.0103284138666666
        ],
        [
            1634967472030,
            1.010893534734995
        ],
        [
            1634971035598,
            1.010675882999323
        ],
        [
            1634974660052,
            1.0090591305695573
        ],
        [
            1634978225465,
            1.0052859192114474
        ],
        [
            1634981700125,
            1.0081123123310318
        ],
        [
            1634985426452,
            1.0073707839986485
        ],
        [
            1634988898044,
            1.017275532084736
        ],
        [
            1634992622241,
            1.0127859086161473
        ],
        [
            1634996288805,
            1.011980271222088
        ],
        [
            1634999843751,
            1.0111218514716611
        ],
        [
            1635003449706,
            1.0163766578468103
        ]
    ],