{
    "wrapped-bitcoin": [
        [
            1633276920730,
            47940.269298965824
        ],
        [
            1633280534990,
            48126.88574638617
        ],
        [
            1633284314256,
            48618.95619304074
        ],
        [
            1633287839638,
            48932.37376895786
        ],
        [
            1633291615277,
            48929.08600560214
        ],
        [
            1633294956229,
            48658.4856052996
        ],
        [
            1633298559658,
            47948.1477459647
        ],
        [
            1633302171706,
            48115.34942746752
        ],
        [
            1633306103511,
            48303.467767529204
        ],
        [
            1633309756588,
            47985.554010738444
        ],
        [
            1633313361816,
            47907.250990834575
        ],
        [
            1633316689559,
            47781.7177285952
        ],
        [
            1633320542878,
            47562.77536056049
        ],
        [
            1633323999442,
            47866.8549035418
        ],
        [
            1633327682903,
            47847.669967725764
        ],
        [
            1633331285327,
            47768.388577884885
        ],
        [
            1633334936280,
            47950.87743916596
        ],
        [
            1633338477678,
            47668.4799318986
        ],
        [
            1633342453922,
            47821.64915892602
        ],
        [
            1633345773030,
            47708.380074915316
        ],
        [
            1633349340376,
            47650.07634032039
        ],
        [
            1633353210078,
            47800.02342993675
        ],
        [
            1633356191827,
            47996.88281345149
        ],
        [
            1633359848139,
            47584.08364943026
        ]
    ],
    "ethereum": [
        [
            1633277247124,
            3414.4202177939574
        ],
        [
            1633280698955,
            3429.0105829022573
        ],
        [
            1633284003750,
            3469.9705861442794
        ],
        [
            1633287893783,
            3459.9571471405175
        ],
        [
            1633291650988,
            3474.5228089281063
        ],
        [
            1633295077647,
            3447.9035629443215
        ],
        [
            1633298678351,
            3403.444563676926
        ],
        [
            1633302573668,
            3410.5568674978317
        ],
        [
            1633305613430,
            3426.387080851377
        ],
        [
            1633309370770,
            3393.2250173259235
        ],
        [
            1633313355199,
            3380.525606908998
        ],
        [
            1633316675690,
            3364.4281181766814
        ],
        [
            1633320424526,
            3340.627499763689
        ],
        [
            1633323928123,
            3367.042245596925
        ],
        [
            1633327653699,
            3372.6430553393425
        ],
        [
            1633331038607,
            3363.7261340482623
        ],
        [
            1633334922584,
            3376.02935480307
        ],
        [
            1633338194818,
            3352.487607271856
        ],
        [
            1633342160636,
            3359.893565078006
        ],
        [
            1633345254246,
            3348.1666078568765
        ],
        [
            1633349253514,
            3325.8497764237463
        ],
        [
            1633352627406,
            3360.114180854755
        ],
        [
            1633356180223,
            3381.7091669941988
        ],
        [
            1633359822921,
            3304.820171458654
        ]
    ],
    "celo": [
        [
            1633277242720,
            6.269429880331169
        ],
        [
            1633280645834,
            6.273570498292094
        ],
        [
            1633284516231,
            6.37346723247695
        ],
        [
            1633287640921,
            6.3839537665431845
        ],
        [
            1633291442787,
            6.332768063594092
        ],
        [
            1633295089358,
            6.2737782600729375
        ],
        [
            1633298904950,
            6.237809742129186
        ],
        [
            1633302571841,
            6.243127198214531
        ],
        [
            1633305915042,
            6.320228409142171
        ],
        [
            1633309744145,
            6.196189854824679
        ],
        [
            1633313349425,
            6.149810457352529
        ],
        [
            1633316678334,
            6.100556348533964
        ],
        [
            1633320219810,
            6.081666996504655
        ],
        [
            1633323995788,
            6.170681269251729
        ],
        [
            1633327461574,
            6.1871132885346105
        ],
        [
            1633331078186,
            6.119725108178553
        ],
        [
            1633334922629,
            6.118326169489966
        ],
        [
            1633338203007,
            6.071740547875415
        ],
        [
            1633341662123,
            6.090931317143392
        ],
        [
            1633345772569,
            6.055509322145556
        ],
        [
            1633348936144,
            6.017670429813499
        ],
        [
            1633353219183,
            6.079318720111642
        ],
        [
            1633356176300,
            6.30935503096076
        ],
        [
            1633359821038,
            6.007081671063146
        ]
    ],
    "celo-dollar": [
        [
            1633277309174,
            1.0121561099106995
        ],
        [
            1633281027744,
            1.01130490260988
        ],
        [
            1633284590710,
            1.0231251944498427
        ],
        [
            1633288091703,
            1.0110187995924949
        ],
        [
            1633291928133,
            1.0096375508937894
        ],
        [
            1633295303505,
            1.008342259427767
        ],
        [
            1633298964357,
            1.0121228126743436
        ],
        [
            1633302853748,
            1.010235636280313
        ],
        [
            1633306193245,
            1.0103970714859578
        ],
        [
            1633309773772,
            1.0088852117248222
        ],
        [
            1633313380597,
            1.0091090780988166
        ],
        [
            1633316908167,
            1.0074841295471748
        ],
        [
            1633320551678,
            1.0047999390120779
        ],
        [
            1633324016043,
            1.0091168901717347
        ],
        [
            1633327703520,
            1.0105365075193895
        ],
        [
            1633331311321,
            1.0097839927269918
        ],
        [
            1633334949484,
            1.0113328903047942
        ],
        [
            1633338491228,
            1.0098524262709936
        ],
        [
            1633342465879,
            1.0090426651427151
        ],
        [
            1633345987352,
            1.0092488799235033
        ],
        [
            1633349388058,
            1.0101877182232182
        ],
        [
            1633353229568,
            1.0105987400537872
        ],
        [
            1633356203375,
            1.0120740291305765
        ],
        [
            1633359856847,
            0.9984640245870472
        ]
    ],