{
    "wrapped-bitcoin": [
        [
            1631894994474,
            47613.340910339444
        ],
        [
            1631898686698,
            47786.94490650425
        ],
        [
            1631902157470,
            47405.533394099286
        ],
        [
            1631905456884,
            47247.97693123192
        ],
        [
            1631909568076,
            47596.475164606585
        ],
        [
            1631912666693,
            47237.5975686291
        ],
        [
            1631916263833,
            47389.4227365384
        ],
        [
            1631920164411,
            47304.142411429726
        ],
        [
            1631923498411,
            47421.964404033
        ],
        [
            1631927317493,
            47458.39115275196
        ],
        [
            1631930985599,
            47756.42713600728
        ],
        [
            1631934554707,
            47828.02172005884
        ],
        [
            1631938096979,
            48084.89140591813
        ],
        [
            1631941206728,
            48404.94209074035
        ],
        [
            1631944808555,
            48806.173489470704
        ],
        [
            1631948432311,
            48748.44312727663
        ],
        [
            1631952094538,
            48621.50470985179
        ],
        [
            1631955984644,
            48804.74707128043
        ],
        [
            1631959442474,
            48726.30848040409
        ],
        [
            1631962962517,
            48710.65315664578
        ],
        [
            1631966655148,
            48642.260478882825
        ],
        [
            1631970013582,
            48429.30493626396
        ],
        [
            1631973627940,
            48481.61804044879
        ],
        [
            1631977201298,
            48506.063401748324
        ]
    ],
    "ethereum": [
        [
            1631894688365,
            3459.4878441872206
        ],
        [
            1631898060070,
            3466.839759547121
        ],
        [
            1631901805896,
            3430.700081083173
        ],
        [
            1631905431274,
            3406.2857609620964
        ],
        [
            1631909397191,
            3427.8085068925297
        ],
        [
            1631912426382,
            3397.3172818374755
        ],
        [
            1631916103037,
            3409.7958989214067
        ],
        [
            1631919638868,
            3399.277620162647
        ],
        [
            1631923403866,
            3413.426501613183
        ],
        [
            1631927117149,
            3414.4142250195487
        ],
        [
            1631930648822,
            3422.956405217989
        ],
        [
            1631934048386,
            3431.7208364972344
        ],
        [
            1631937884477,
            3457.1813840991026
        ],
        [
            1631941317094,
            3490.587501563717
        ],
        [
            1631944979352,
            3512.9967820950574
        ],
        [
            1631948623985,
            3509.417896249169
        ],
        [
            1631952109364,
            3508.189334065783
        ],
        [
            1631955904551,
            3521.262399870722
        ],
        [
            1631959256643,
            3521.0189483402833
        ],
        [
            1631962955078,
            3532.683454764672
        ],
        [
            1631966591751,
            3515.2383949674568
        ],
        [
            1631970033002,
            3497.8763286920707
        ],
        [
            1631974108096,
            3488.9875808947277
        ],
        [
            1631977392603,
            3486.755585528728
        ]
    ],
    "celo": [
        [
            1631894698231,
            5.123762756951678
        ],
        [
            1631898261166,
            5.165956194334872
        ],
        [
            1631901718041,
            5.26869241981002
        ],
        [
            1631905234769,
            5.271318529583646
        ],
        [
            1631909392367,
            5.238655154158217
        ],
        [
            1631912639754,
            5.315917570753848
        ],
        [
            1631916090376,
            5.210327503366842
        ],
        [
            1631920096219,
            5.0755158202480475
        ],
        [
            1631923403038,
            5.102999950101079
        ],
        [
            1631927286803,
            5.103232089079389
        ],
        [
            1631930661131,
            5.100478154977652
        ],
        [
            1631934526291,
            5.100083995827691
        ],
        [
            1631937891223,
            5.106185136973147
        ],
        [
            1631941769241,
            5.160820382834456
        ],
        [
            1631945274569,
            5.202929638032692
        ],
        [
            1631948640171,
            5.1452334452907875
        ],
        [
            1631952116023,
            5.109863233544361
        ],
        [
            1631956363530,
            5.148492441488602
        ],
        [
            1631959457104,
            5.251093593269145
        ],
        [
            1631962975281,
            5.201440538477475
        ],
        [
            1631966668782,
            5.1774167686572525
        ],
        [
            1631970537492,
            5.126153915535817
        ],
        [
            1631974153475,
            5.2012046656658795
        ],
        [
            1631977410274,
            5.408313162786516
        ]
    ],
    "celo-dollar": [
        [
            1631894697363,
            1.0031105579091286
        ],
        [
            1631898419733,
            1.0045328116893728
        ],
        [
            1631901810075,
            1.004720631948901
        ],
        [
            1631905444038,
            1.0057674228069364
        ],
        [
            1631909026673,
            1.0045426405396187
        ],
        [
            1631912551029,
            1.004117925308751
        ],
        [
            1631916204688,
            1.0089559290898313
        ],
        [
            1631919836961,
            1.005908255854432
        ],
        [
            1631923413184,
            1.0059514796478697
        ],
        [
            1631927314701,
            1.0059541186097292
        ],
        [
            1631930883901,
            1.0047787351508075
        ],
        [
            1631934551945,
            1.0053425701215675
        ],
        [
            1631938093425,
            1.0064808546802266
        ],
        [
            1631941800819,
            1.0044577135367936
        ],
        [
            1631945379524,
            1.003795416580886
        ],
        [
            1631948648305,
            1.005590168421467
        ],
        [
            1631952125983,
            1.0042393126063542
        ],
        [
            1631956371243,
            1.0036313668584687
        ],
        [
            1631959474149,
            1.0031896541832686
        ],
        [
            1631962994783,
            1.002964754665025
        ],
        [
            1631966898418,
            1.0014808508544752
        ],
        [
            1631970584635,
            1.0012839208708457
        ],
        [
            1631974193557,
            1.0017499609639124
        ],
        [
            1631977703377,
            1.0030375750270535
        ]
    ],