{
    "wrapped-bitcoin": [
        [
            1634227866062,
            57649.04816332777
        ],
        [
            1634231654100,
            57307.45922846168
        ],
        [
            1634235393251,
            57297.825788101036
        ],
        [
            1634238978953,
            57730.133858444446
        ],
        [
            1634242641924,
            57661.19788686588
        ],
        [
            1634245804606,
            57583.01357938505
        ],
        [
            1634249889393,
            57782.900334596365
        ],
        [
            1634252873668,
            57763.95280312211
        ],
        [
            1634256287024,
            57568.16362956114
        ],
        [
            1634259848986,
            57299.67372026549
        ],
        [
            1634264222097,
            57395.564967770886
        ],
        [
            1634267840688,
            59713.130125155185
        ],
        [
            1634271439789,
            59407.89747064962
        ],
        [
            1634275032630,
            60016.94331692191
        ],
        [
            1634278647387,
            59730.55126720209
        ],
        [
            1634282023846,
            59762.78902914118
        ],
        [
            1634285071389,
            59533.881095351935
        ],
        [
            1634289455197,
            59156.02326271353
        ],
        [
            1634293081986,
            59537.08350119139
        ],
        [
            1634296694422,
            59334.79998617859
        ],
        [
            1634300284223,
            59495.259481952286
        ],
        [
            1634303917508,
            59600.08344910202
        ],
        [
            1634307466279,
            60146.5375046452
        ],
        [
            1634311014844,
            59906.7927800892
        ]
    ],
    "ethereum": [
        [
            1634227228308,
            3800.0566389707906
        ],
        [
            1634230956192,
            3797.9629222939093
        ],
        [
            1634235121109,
            3796.967123544344
        ],
        [
            1634238047330,
            3812.134208660581
        ],
        [
            1634241660134,
            3789.455271686356
        ],
        [
            1634245224822,
            3769.5588781693623
        ],
        [
            1634249068758,
            3786.4724741829987
        ],
        [
            1634252748210,
            3790.1893238156226
        ],
        [
            1634256131996,
            3794.516888224821
        ],
        [
            1634259812763,
            3777.798811553342
        ],
        [
            1634263390529,
            3768.040645179896
        ],
        [
            1634266870833,
            3841.6832162919463
        ],
        [
            1634270470164,
            3839.7361664058226
        ],
        [
            1634274212101,
            3828.5733779171246
        ],
        [
            1634277853248,
            3846.802059007987
        ],
        [
            1634281631652,
            3839.0820034550666
        ],
        [
            1634284820936,
            3827.410858225548
        ],
        [
            1634288586673,
            3780.906508808995
        ],
        [
            1634292245257,
            3787.1209787131233
        ],
        [
            1634295974280,
            3795.3405929199644
        ],
        [
            1634299323747,
            3797.709978366037
        ],
        [
            1634303138127,
            3789.594158262562
        ],
        [
            1634306613451,
            3826.995886560141
        ],
        [
            1634310507642,
            3822.800510960504
        ]
    ],
    "celo": [
        [
            1634227537975,
            5.904349073857549
        ],
        [
            1634231267778,
            5.835315070720045
        ],
        [
            1634235024835,
            5.833224421951814
        ],
        [
            1634238288777,
            5.9087819476861565
        ],
        [
            1634242203802,
            5.831033674230678
        ],
        [
            1634245451473,
            5.802188066738737
        ],
        [
            1634248852705,
            5.851625248410756
        ],
        [
            1634252432831,
            5.849421428883942
        ],
        [
            1634256198089,
            5.91852280231293
        ],
        [
            1634259687388,
            5.8548663990450445
        ],
        [
            1634263329619,
            5.837209642046301
        ],
        [
            1634267165473,
            5.911661493866597
        ],
        [
            1634270414475,
            5.865659924965688
        ],
        [
            1634274379065,
            5.850794857552552
        ],
        [
            1634277732259,
            5.866203016138275
        ],
        [
            1634281598601,
            5.840930860996527
        ],
        [
            1634285051490,
            5.878756229705776
        ],
        [
            1634288533031,
            5.741591860829076
        ],
        [
            1634292632177,
            5.723604168852268
        ],
        [
            1634295641788,
            5.724981798659935
        ],
        [
            1634299200303,
            5.766458652321237
        ],
        [
            1634302989049,
            5.8510379274032704
        ],
        [
            1634306965771,
            5.776744991090448
        ],
        [
            1634310197816,
            5.796356429407
        ]
    ],
    "celo-dollar": [
        [
            1634227285374,
            1.0012916967561623
        ],
        [
            1634230882063,
            1.0034958518366648
        ],
        [
            1634234470612,
            1.0035267058718906
        ],
        [
            1634238147620,
            1.0065838977635322
        ],
        [
            1634241628385,
            1.004816961711473
        ],
        [
            1634245450186,
            1.0025109221580981
        ],
        [
            1634249429603,
            1.0031257548555583
        ],
        [
            1634252864721,
            1.0028627905132173
        ],
        [
            1634256273176,
            1.0028530441581285
        ],
        [
            1634259830020,
            1.0058415480427207
        ],
        [
            1634263770805,
            1.0090149381577458
        ],
        [
            1634267437528,
            1.0110536831491992
        ],
        [
            1634271045130,
            1.0067565940503833
        ],
        [
            1634274611626,
            1.0078378852368934
        ],
        [
            1634278191782,
            1.006462887805637
        ],
        [
            1634281731445,
            1.0090524388645243
        ],
        [
            1634285063253,
            1.0051462546936718
        ],
        [
            1634289031295,
            1.0069482512595336
        ],
        [
            1634292497720,
            1.0121572441407125
        ],
        [
            1634296115802,
            1.0072116694167557
        ],
        [
            1634299698446,
            1.0044373016363217
        ],
        [
            1634303147102,
            1.008597155772018
        ],
        [
            1634306700604,
            1.0088270167468927
        ],
        [
            1634310085623,
            1.005838796302576
        ]
    ],