{
    "wrapped-bitcoin": [
        [
            1632758686982,
            43299.43717501144
        ],
        [
            1632762220627,
            43058.97365272949
        ],
        [
            1632766197209,
            43121.99811937894
        ],
        [
            1632769497614,
            43081.46123167995
        ],
        [
            1632773375234,
            43047.445952738744
        ],
        [
            1632777503664,
            42860.24223122442
        ],
        [
            1632780274965,
            43211.04424082792
        ],
        [
            1632784911510,
            43201.30096632669
        ],
        [
            1632787714417,
            41972.67905370459
        ],
        [
            1632791696888,
            42275.6042784343
        ],
        [
            1632794897751,
            42653.53773906574
        ],
        [
            1632798517523,
            42509.92218239617
        ],
        [
            1632801897402,
            42676.06144142198
        ],
        [
            1632805717969,
            42795.18283518196
        ],
        [
            1632809644401,
            42550.09181258458
        ],
        [
            1632812933727,
            42303.468215660716
        ],
        [
            1632816827581,
            41856.693386618426
        ],
        [
            1632820808243,
            41924.218877404
        ],
        [
            1632823561159,
            42042.82761592695
        ],
        [
            1632827079330,
            41922.08880988355
        ],
        [
            1632830639242,
            42166.96531880736
        ],
        [
            1632834570403,
            41971.23797261244
        ],
        [
            1632838105710,
            42037.53972751649
        ],
        [
            1632841929939,
            41542.20574563853
        ]
    ],
    "ethereum": [
        [
            1632758678455,
            3069.313671202488
        ],
        [
            1632762143082,
            3004.0395656139203
        ],
        [
            1632765898232,
            3002.022816018409
        ],
        [
            1632769421885,
            2997.9348704194977
        ],
        [
            1632772872442,
            3004.1755987688157
        ],
        [
            1632776466800,
            2971.3238994554254
        ],
        [
            1632780013719,
            3002.1120200399646
        ],
        [
            1632784396825,
            3010.978313240246
        ],
        [
            1632787667687,
            2918.8875824364586
        ],
        [
            1632791338908,
            2937.5543287424534
        ],
        [
            1632794475621,
            2952.4006807812793
        ],
        [
            1632798218033,
            2942.441028858342
        ],
        [
            1632801874743,
            2956.552069163121
        ],
        [
            1632805484094,
            2969.688796408273
        ],
        [
            1632809109671,
            2951.1150959317256
        ],
        [
            1632812837536,
            2937.569303320563
        ],
        [
            1632816392652,
            2903.177109282495
        ],
        [
            1632820141548,
            2905.943811944585
        ],
        [
            1632823218440,
            2923.42091033488
        ],
        [
            1632827016077,
            2911.5889877317786
        ],
        [
            1632830487731,
            2930.851165461318
        ],
        [
            1632834182333,
            2908.653102549398
        ],
        [
            1632837734373,
            2929.349278638531
        ],
        [
            1632841494019,
            2873.3045263511963
        ]
    ],
    "celo": [
        [
            1632758672481,
            6.365651903141857
        ],
        [
            1632762140095,
            6.329030604604176
        ],
        [
            1632765990645,
            6.3938852150374395
        ],
        [
            1632769480583,
            6.289212887822572
        ],
        [
            1632772973149,
            6.261679485618018
        ],
        [
            1632776909934,
            6.144326197356152
        ],
        [
            1632780245964,
            6.279600997486534
        ],
        [
            1632784167783,
            6.2292781158171096
        ],
        [
            1632787435474,
            6.1182830743798995
        ],
        [
            1632791323879,
            6.136400470267433
        ],
        [
            1632794456870,
            6.155615751071147
        ],
        [
            1632798035778,
            6.1467155770538735
        ],
        [
            1632801678481,
            6.191478741876562
        ],
        [
            1632805482388,
            6.2063152901020135
        ],
        [
            1632809336835,
            6.14877614158711
        ],
        [
            1632812887843,
            6.060272343204339
        ],
        [
            1632816463569,
            5.915204404985012
        ],
        [
            1632819678880,
            6.054157788637461
        ],
        [
            1632823373367,
            6.080134118298422
        ],
        [
            1632827018620,
            5.9969034778951595
        ],
        [
            1632830498269,
            6.0167078098394
        ],
        [
            1632834124408,
            5.925804470377232
        ],
        [
            1632837678076,
            5.994711112592469
        ],
        [
            1632841462037,
            5.886798097636319
        ]
    ],
    "celo-dollar": [
        [
            1632758691125,
            1.011628204380773
        ],
        [
            1632762231837,
            1.0109542333724
        ],
        [
            1632766283026,
            1.0119673289651927
        ],
        [
            1632769582577,
            1.011119448513904
        ],
        [
            1632773618175,
            1.0130286874526244
        ],
        [
            1632777585113,
            1.0107662485860827
        ],
        [
            1632780280214,
            1.0181576624940478
        ],
        [
            1632785102566,
            1.0095250553459447
        ],
        [
            1632787718182,
            1.0067283034160581
        ],
        [
            1632791806212,
            1.0081202374193654
        ],
        [
            1632794903557,
            1.0112904796466153
        ],
        [
            1632798523976,
            1.0104058293683558
        ],
        [
            1632801949350,
            1.0107978442074579
        ],
        [
            1632805828622,
            1.0083903238786485
        ],
        [
            1632809649781,
            1.0104565459598536
        ],
        [
            1632812937867,
            1.0122868383090566
        ],
        [
            1632817027904,
            1.0088033731228716
        ],
        [
            1632820986962,
            1.0095736051636681
        ],
        [
            1632823863862,
            1.0093327133913161
        ],
        [
            1632827137094,
            1.0093316750870562
        ],
        [
            1632830651979,
            1.0096689351769312
        ],
        [
            1632834577587,
            1.0097364043630517
        ],
        [
            1632838111771,
            1.0040027114868566
        ],
        [
            1632841948279,
            1.0083881609103347
        ]
    ],