{
    "wrapped-bitcoin": [
        [
            1632067266978,
            47830.997664530005
        ],
        [
            1632071010310,
            47731.08786224577
        ],
        [
            1632074802886,
            47479.79403150013
        ],
        [
            1632078888939,
            47800.59254494581
        ],
        [
            1632082343012,
            47523.37217664708
        ],
        [
            1632085651338,
            47734.39620524301
        ],
        [
            1632089125941,
            47560.68238784664
        ],
        [
            1632092659979,
            47060.37297606799
        ],
        [
            1632096178193,
            47404.81168317209
        ],
        [
            1632099880823,
            47126.236955388056
        ],
        [
            1632103472098,
            47351.49561441102
        ],
        [
            1632107365306,
            46099.08781505453
        ],
        [
            1632110723124,
            45760.75260021057
        ],
        [
            1632114294207,
            45888.603717671256
        ],
        [
            1632118313616,
            45737.07773982729
        ],
        [
            1632121399536,
            45750.47728571904
        ],
        [
            1632125027710,
            44782.36981178163
        ],
        [
            1632128569265,
            45073.42211863177
        ],
        [
            1632132279232,
            44872.89070201502
        ],
        [
            1632136191286,
            44479.41699474863
        ],
        [
            1632139920397,
            43758.20705766749
        ],
        [
            1632142969291,
            43361.610439643475
        ],
        [
            1632146654621,
            44016.70226437304
        ],
        [
            1632150263915,
            43844.9979189454
        ]
    ],
    "ethereum": [
        [
            1632067480371,
            3377.818582586755
        ],
        [
            1632071084352,
            3372.459288525071
        ],
        [
            1632074791896,
            3346.5691534061916
        ],
        [
            1632078811637,
            3371.787471880152
        ],
        [
            1632082386255,
            3349.6412936120855
        ],
        [
            1632085498988,
            3370.37859551709
        ],
        [
            1632089261712,
            3354.168946228505
        ],
        [
            1632092682414,
            3298.0782289834624
        ],
        [
            1632096191654,
            3336.955610275159
        ],
        [
            1632099879309,
            3300.177464033878
        ],
        [
            1632103482883,
            3323.466342902934
        ],
        [
            1632106988433,
            3230.6628477082068
        ],
        [
            1632110574191,
            3201.302644747402
        ],
        [
            1632114871888,
            3206.766681311537
        ],
        [
            1632118132265,
            3210.5414823445476
        ],
        [
            1632121377816,
            3192.192684592011
        ],
        [
            1632125025374,
            3123.4714593431854
        ],
        [
            1632128562910,
            3156.381268398308
        ],
        [
            1632132264401,
            3138.8808832073955
        ],
        [
            1632136118854,
            3127.802442183398
        ],
        [
            1632139914584,
            3056.05498466859
        ],
        [
            1632142974799,
            3020.1860508641857
        ],
        [
            1632146609715,
            3084.784325517629
        ],
        [
            1632150263989,
            3066.7614094687115
        ]
    ],
    "celo": [
        [
            1632067478263,
            5.811601421769927
        ],
        [
            1632071154475,
            5.717513197455178
        ],
        [
            1632074805014,
            5.736242715471614
        ],
        [
            1632078275071,
            5.85860726047101
        ],
        [
            1632082464896,
            6.064200454541711
        ],
        [
            1632085528839,
            6.092325013077291
        ],
        [
            1632088998565,
            6.142445992173779
        ],
        [
            1632092695463,
            5.901754859800393
        ],
        [
            1632096034675,
            5.93061753269707
        ],
        [
            1632099887172,
            6.19643602358716
        ],
        [
            1632103484883,
            6.289213607443586
        ],
        [
            1632107371573,
            5.78632479473086
        ],
        [
            1632111155825,
            5.855235040470117
        ],
        [
            1632114599724,
            6.308445968522922
        ],
        [
            1632118183501,
            6.274538937185387
        ],
        [
            1632121494677,
            6.028519032536753
        ],
        [
            1632125025933,
            5.8045226556125815
        ],
        [
            1632128404687,
            6.072274788944405
        ],
        [
            1632132286145,
            5.764290958878745
        ],
        [
            1632136196774,
            5.575343895873331
        ],
        [
            1632139907885,
            5.577151067471351
        ],
        [
            1632142959550,
            5.515175847441281
        ],
        [
            1632146521683,
            6.120456369954623
        ],
        [
            1632150252181,
            5.931132142391558
        ]
    ],
    "celo-dollar": [
        [
            1632067693901,
            1.003143856830506
        ],
        [
            1632071652372,
            1.0066034590649766
        ],
        [
            1632075163398,
            1.010469065605062
        ],
        [
            1632079177950,
            1.0080471281584513
        ],
        [
            1632082493451,
            1.0081945655084692
        ],
        [
            1632086065866,
            1.008928878674659
        ],
        [
            1632089616133,
            1.01192841011511
        ],
        [
            1632092922019,
            1.0070680820599551
        ],
        [
            1632096558861,
            1.0076574525658706
        ],
        [
            1632100155759,
            1.007871115357321
        ],
        [
            1632103642181,
            1.006745576510572
        ],
        [
            1632107378600,
            1.004611051243075
        ],
        [
            1632111281026,
            1.0014993761402673
        ],
        [
            1632115015665,
            1.0014305715590153
        ],
        [
            1632119132407,
            1.0014014834482736
        ],
        [
            1632121678370,
            1.001594232286293
        ],
        [
            1632125041235,
            1.0000985690434174
        ],
        [
            1632128763484,
            1.001151536331361
        ],
        [
            1632132290671,
            0.9992353705913903
        ],
        [
            1632136724985,
            1.0029389418978039
        ],
        [
            1632139985349,
            1.0025417954190234
        ],
        [
            1632143087372,
            1.0068087636940748
        ],
        [
            1632146674761,
            1.0044522806593907
        ],
        [
            1632150283018,
            1.0019124307966139
        ]
    ],