{
    "wrapped-bitcoin": [
        [
            1632499452939,
            41926.45289650819
        ],
        [
            1632503090240,
            42363.34012971699
        ],
        [
            1632506557706,
            42027.40047786789
        ],
        [
            1632510146240,
            42290.86580655699
        ],
        [
            1632513715647,
            42412.98307235644
        ],
        [
            1632517328636,
            43036.09466815344
        ],
        [
            1632520943049,
            43140.80452597602
        ],
        [
            1632524696409,
            43049.58512057264
        ],
        [
            1632528129981,
            42800.22000980601
        ],
        [
            1632531807886,
            42905.65703520848
        ],
        [
            1632535346283,
            42530.602475180676
        ],
        [
            1632538998770,
            42546.610540166745
        ],
        [
            1632542647356,
            42827.187795388236
        ],
        [
            1632546153840,
            42885.252340327635
        ],
        [
            1632549799217,
            42717.0383850441
        ],
        [
            1632553496892,
            42772.85320268658
        ],
        [
            1632556958916,
            42494.32031782081
        ],
        [
            1632560980945,
            42884.8277406865
        ],
        [
            1632564245058,
            42922.30194790184
        ],
        [
            1632568082716,
            42731.95256071676
        ],
        [
            1632571466739,
            42569.2313828641
        ],
        [
            1632575223712,
            42457.592899768126
        ],
        [
            1632578902828,
            42587.14299035062
        ],
        [
            1632582560882,
            42402.24720412624
        ]
    ],
    "ethereum": [
        [
            1632499312287,
            2866.893600080452
        ],
        [
            1632502919590,
            2915.1829126682214
        ],
        [
            1632506551117,
            2887.0803275188987
        ],
        [
            1632510204021,
            2909.570474616993
        ],
        [
            1632513796363,
            2897.287386390824
        ],
        [
            1632517429363,
            2957.733296833739
        ],
        [
            1632521065161,
            2969.341017725954
        ],
        [
            1632524753922,
            2971.7072342356414
        ],
        [
            1632528122814,
            2930.7427060738946
        ],
        [
            1632531805135,
            2948.556492926768
        ],
        [
            1632535347847,
            2924.7054717088854
        ],
        [
            1632538999119,
            2912.7670881848626
        ],
        [
            1632542697944,
            2926.509467333077
        ],
        [
            1632546162045,
            2941.103842898721
        ],
        [
            1632549836036,
            2928.0693805401334
        ],
        [
            1632553647438,
            2936.380801090404
        ],
        [
            1632556989185,
            2904.3363563194625
        ],
        [
            1632560695713,
            2864.7431152030163
        ],
        [
            1632564145262,
            2943.306566247208
        ],
        [
            1632567836491,
            2944.7348901320065
        ],
        [
            1632571475357,
            2920.814440500061
        ],
        [
            1632575017608,
            2914.205989161534
        ],
        [
            1632578440058,
            2917.4800987209105
        ],
        [
            1632582521404,
            2880.577401062731
        ]
    ],
    "celo": [
        [
            1632499387943,
            7.246740865097494
        ],
        [
            1632502989740,
            7.862616536066494
        ],
        [
            1632506555312,
            7.779447346226948
        ],
        [
            1632510074233,
            7.624032018895181
        ],
        [
            1632513856437,
            7.605522023142146
        ],
        [
            1632517342459,
            7.415051270703747
        ],
        [
            1632521217544,
            7.408234627520605
        ],
        [
            1632524753792,
            7.653037863894102
        ],
        [
            1632528134595,
            7.673626004755206
        ],
        [
            1632531645448,
            7.570735896954368
        ],
        [
            1632535330543,
            7.326190087344306
        ],
        [
            1632538887533,
            7.162552928738669
        ],
        [
            1632542643497,
            7.238988447625831
        ],
        [
            1632546179177,
            7.089438717943427
        ],
        [
            1632549822391,
            7.015910110583359
        ],
        [
            1632553652145,
            7.075084937535157
        ],
        [
            1632557039226,
            7.015991731447077
        ],
        [
            1632560983925,
            7.090038172251082
        ],
        [
            1632564244150,
            7.020915157646641
        ],
        [
            1632568090906,
            7.027294385298965
        ],
        [
            1632571386070,
            6.911829450318195
        ],
        [
            1632575020730,
            7.0198924120282
        ],
        [
            1632578906755,
            6.907695911513529
        ],
        [
            1632582474083,
            6.834196160693008
        ]
    ],
    "celo-dollar": [
        [
            1632499939560,
            1.0113230216042517
        ],
        [
            1632503303527,
            1.0123525207347641
        ],
        [
            1632506640263,
            1.0094585557667226
        ],
        [
            1632510705296,
            1.0116731490862112
        ],
        [
            1632514099659,
            1.0101448458691833
        ],
        [
            1632517441181,
            1.0121774259499263
        ],
        [
            1632521529392,
            1.010585999149698
        ],
        [
            1632524815486,
            1.0153869616836646
        ],
        [
            1632528368813,
            1.0104683634856684
        ],
        [
            1632531885766,
            1.0079809800149235
        ],
        [
            1632535988137,
            1.0099527980195406
        ],
        [
            1632539156925,
            1.0090195745991055
        ],
        [
            1632542959867,
            1.0133394212167977
        ],
        [
            1632546296486,
            1.0181839080769892
        ],
        [
            1632550082891,
            1.0118352477795738
        ],
        [
            1632553671297,
            1.0103046498992967
        ],
        [
            1632557131700,
            1.0096580764351646
        ],
        [
            1632560996549,
            1.023036270846972
        ],
        [
            1632564295329,
            1.0077129907966116
        ],
        [
            1632568356486,
            1.0062106745842925
        ],
        [
            1632571657609,
            1.010642783759853
        ],
        [
            1632575696444,
            1.0100465422924454
        ],
        [
            1632579074877,
            1.0082579832140754
        ],
        [
            1632582839119,
            1.0126724936471376
        ]
    ],