{
    "wrapped-bitcoin": [
        [
            1632845539644,
            41571.60838164241
        ],
        [
            1632849147798,
            41381.08895015586
        ],
        [
            1632852483837,
            41500.84722477991
        ],
        [
            1632856134412,
            41757.63380433092
        ],
        [
            1632859709499,
            41814.8963330773
        ],
        [
            1632863299546,
            41906.435952992404
        ],
        [
            1632867334449,
            41819.07262035222
        ],
        [
            1632870256851,
            41713.75954019392
        ],
        [
            1632874394127,
            41228.653452838706
        ],
        [
            1632878060214,
            41726.303426075625
        ],
        [
            1632881299821,
            41640.418124706106
        ],
        [
            1632884958991,
            41930.309128532674
        ],
        [
            1632888919090,
            42362.771558009605
        ],
        [
            1632892129389,
            42378.65983548218
        ],
        [
            1632895485249,
            42464.76696625093
        ],
        [
            1632899381789,
            42507.19236950556
        ],
        [
            1632902776339,
            42645.28513925761
        ],
        [
            1632906103288,
            42536.96546853288
        ],
        [
            1632909793140,
            42414.233965767824
        ],
        [
            1632913435156,
            42494.32594735745
        ],
        [
            1632917015946,
            42501.75719171049
        ],
        [
            1632920665430,
            42147.44643275019
        ],
        [
            1632924274768,
            42270.74376247478
        ],
        [
            1632927870339,
            42410.77839819017
        ]
    ],
    "ethereum": [
        [
            1632845215629,
            2854.6309985553617
        ],
        [
            1632848509461,
            2832.09700623539
        ],
        [
            1632852294299,
            2837.2275587164117
        ],
        [
            1632855693002,
            2859.2218377890454
        ],
        [
            1632859422828,
            2836.265327840582
        ],
        [
            1632862849729,
            2872.7173002905943
        ],
        [
            1632866642572,
            2880.776805843558
        ],
        [
            1632870214274,
            2849.8811986213773
        ],
        [
            1632873814265,
            2801.06146263523
        ],
        [
            1632877653618,
            2857.197517262104
        ],
        [
            1632881062748,
            2853.222175173553
        ],
        [
            1632884612493,
            2878.214801303622
        ],
        [
            1632888416961,
            2914.342039085805
        ],
        [
            1632891650646,
            2918.657049473323
        ],
        [
            1632895466714,
            2921.8719650758126
        ],
        [
            1632899208258,
            2932.3797469300393
        ],
        [
            1632902586732,
            2937.016884231211
        ],
        [
            1632906091723,
            2928.4525142239477
        ],
        [
            1632909766926,
            2917.4728050797958
        ],
        [
            1632913417916,
            2938.58983569162
        ],
        [
            1632916872042,
            2939.8307103335173
        ],
        [
            1632920597594,
            2916.815852756287
        ],
        [
            1632924165471,
            2921.6891756094556
        ],
        [
            1632927765812,
            2930.8738214083874
        ]
    ],
    "celo": [
        [
            1632845443617,
            5.854868247289674
        ],
        [
            1632848795528,
            5.841300500499838
        ],
        [
            1632852468048,
            5.876552784916339
        ],
        [
            1632856124368,
            5.853996753579424
        ],
        [
            1632859674065,
            5.881755468238097
        ],
        [
            1632863097715,
            5.909595170219994
        ],
        [
            1632866793752,
            5.911451548654608
        ],
        [
            1632870221749,
            5.863205757813161
        ],
        [
            1632873782335,
            5.801816395288915
        ],
        [
            1632877362996,
            5.845003038192948
        ],
        [
            1632881062739,
            5.8446881134797435
        ],
        [
            1632884611135,
            5.969815939864491
        ],
        [
            1632888751453,
            6.0753738204416665
        ],
        [
            1632891620924,
            5.995750784495678
        ],
        [
            1632895449242,
            5.96220740825424
        ],
        [
            1632899017096,
            5.962942873593963
        ],
        [
            1632902541591,
            5.985615438398156
        ],
        [
            1632906048099,
            5.981898430492568
        ],
        [
            1632909701026,
            5.908374043265745
        ],
        [
            1632913416067,
            5.9669188762535885
        ],
        [
            1632916964023,
            6.031816001328279
        ],
        [
            1632920602150,
            5.872802159294185
        ],
        [
            1632924159541,
            5.832857965280462
        ],
        [
            1632927793406,
            5.851490008430299
        ]
    ],
    "celo-dollar": [
        [
            1632845562862,
            1.0083972970441768
        ],
        [
            1632849162935,
            1.0070852197654832
        ],
        [
            1632852488958,
            1.0094302204171246
        ],
        [
            1632856138825,
            1.0103852222324932
        ],
        [
            1632859716654,
            1.0107070674852876
        ],
        [
            1632863305455,
            1.0091349444132036
        ],
        [
            1632867488038,
            1.0097684828166467
        ],
        [
            1632870263555,
            1.007803047398966
        ],
        [
            1632874407737,
            1.0075215572450955
        ],
        [
            1632878081204,
            1.009974712774283
        ],
        [
            1632881305299,
            1.009287592945528
        ],
        [
            1632884969476,
            1.0092849839668747
        ],
        [
            1632889198378,
            1.0135975760940683
        ],
        [
            1632892139022,
            1.0090519473553015
        ],
        [
            1632895492960,
            1.0126351226621322
        ],
        [
            1632899386379,
            1.0086845008731766
        ],
        [
            1632902856667,
            1.0113156980417717
        ],
        [
            1632906107529,
            1.0110282865838132
        ],
        [
            1632909802727,
            1.0103100321108636
        ],
        [
            1632913440339,
            1.0067022852218823
        ],
        [
            1632917042817,
            1.0075219553786947
        ],
        [
            1632920671465,
            1.0092664282878068
        ],
        [
            1632924278969,
            1.0082200363835323
        ],
        [
            1632927875076,
            1.0079793022698131
        ]
    ],