{
    "wrapped-bitcoin": [
        [
            1634401066154,
            61154.95322580343
        ],
        [
            1634404638427,
            60734.69325117202
        ],
        [
            1634408047524,
            60812.44755512896
        ],
        [
            1634411900922,
            61156.33716014191
        ],
        [
            1634415462627,
            60956.464388121916
        ],
        [
            1634419028969,
            61316.01845331428
        ],
        [
            1634422631855,
            60762.201073670454
        ],
        [
            1634426257913,
            61158.40572751643
        ],
        [
            1634429385170,
            61146.87448147167
        ],
        [
            1634433523688,
            61299.182951625466
        ],
        [
            1634437109124,
            61330.668155323
        ],
        [
            1634440130837,
            61373.16801672625
        ],
        [
            1634443620365,
            61439.73808519066
        ],
        [
            1634447637222,
            61083.3145892715
        ],
        [
            1634451435357,
            60842.35522335944
        ],
        [
            1634454264066,
            61025.80983692218
        ],
        [
            1634457869433,
            60800.1954286078
        ],
        [
            1634461699823,
            60688.75689447724
        ],
        [
            1634464972063,
            61355.83643678588
        ],
        [
            1634468993965,
            61369.54251731888
        ],
        [
            1634472196211,
            61278.31215491457
        ],
        [
            1634476238222,
            60946.59862027398
        ],
        [
            1634479370380,
            61046.796553022614
        ],
        [
            1634482840276,
            61140.50643987092
        ]
    ],
    "ethereum": [
        [
            1634400368388,
            3917.123398807807
        ],
        [
            1634404079160,
            3902.3397849232288
        ],
        [
            1634407477210,
            3883.3787119849685
        ],
        [
            1634410909716,
            3891.85177643792
        ],
        [
            1634414642488,
            3864.0203817027827
        ],
        [
            1634418274400,
            3854.5026370904775
        ],
        [
            1634421951675,
            3836.7167961601476
        ],
        [
            1634425525634,
            3840.4453747181456
        ],
        [
            1634429056604,
            3850.2613955310426
        ],
        [
            1634432485630,
            3861.3329949913914
        ],
        [
            1634436156177,
            3860.6793045167
        ],
        [
            1634439638451,
            3873.2841545235597
        ],
        [
            1634443355545,
            3894.1147265110717
        ],
        [
            1634447139104,
            3882.2985086493
        ],
        [
            1634450428248,
            3874.504277928325
        ],
        [
            1634454139620,
            3895.595606366531
        ],
        [
            1634457812230,
            3890.8815977188688
        ],
        [
            1634461347986,
            3903.4613374609353
        ],
        [
            1634465199250,
            3909.301695556947
        ],
        [
            1634468401419,
            3892.156271490708
        ],
        [
            1634472144591,
            3886.5059597548575
        ],
        [
            1634475764388,
            3868.2868471210154
        ],
        [
            1634479396759,
            3864.2992668967763
        ],
        [
            1634482833012,
            3868.9716595867135
        ]
    ],
    "celo": [
        [
            1634400186372,
            5.865906733606335
        ],
        [
            1634403945298,
            5.847994131337877
        ],
        [
            1634407482178,
            5.875610214896479
        ],
        [
            1634411151052,
            5.86919972087101
        ],
        [
            1634414586742,
            5.832945885299973
        ],
        [
            1634418255636,
            5.8720283067531485
        ],
        [
            1634421647806,
            5.850101838708227
        ],
        [
            1634425566063,
            5.875380204690562
        ],
        [
            1634429048724,
            5.906449713876338
        ],
        [
            1634434116146,
            5.94539049265782
        ],
        [
            1634437623096,
            5.91842498229997
        ],
        [
            1634441072651,
            5.924410114038146
        ],
        [
            1634444070637,
            5.92396325273864
        ],
        [
            1634448318169,
            5.909008995824899
        ],
        [
            1634451982839,
            5.919857134382196
        ],
        [
            1634454439627,
            5.919580630786028
        ],
        [
            1634457703768,
            5.894513129757859
        ],
        [
            1634461462074,
            6.04191482711295
        ],
        [
            1634465251895,
            6.193674696708978
        ],
        [
            1634469170365,
            6.140906156277491
        ],
        [
            1634472502073,
            6.1200679132338145
        ],
        [
            1634475682715,
            6.067142083015736
        ],
        [
            1634479598107,
            6.091552608282437
        ],
        [
            1634483609268,
            6.18716979112083
        ]
    ],
    "celo-dollar": [
        [
            1634400068981,
            1.0105432189065147
        ],
        [
            1634403921181,
            1.0079390457177022
        ],
        [
            1634407478979,
            1.015175647571574
        ],
        [
            1634411010924,
            1.0134203951608023
        ],
        [
            1634414504395,
            1.0093478003911132
        ],
        [
            1634418087362,
            1.0137557896131644
        ],
        [
            1634421693708,
            1.008197990074004
        ],
        [
            1634425403447,
            1.009377162267951
        ],
        [
            1634429053365,
            1.0095767514893932
        ],
        [
            1634432771472,
            1.0114390143587126
        ],
        [
            1634436371444,
            1.0080647210902305
        ],
        [
            1634440105060,
            1.0096157741055984
        ],
        [
            1634443476471,
            1.0109706824473708
        ],
        [
            1634447293370,
            1.0073569454568898
        ],
        [
            1634450924093,
            1.0058718575263632
        ],
        [
            1634454489644,
            1.0071152011922824
        ],
        [
            1634457667235,
            1.005762130453817
        ],
        [
            1634461495005,
            1.0066946027709238
        ],
        [
            1634464867666,
            1.0095084771436913
        ],
        [
            1634468421192,
            1.009440922823021
        ],
        [
            1634472054406,
            1.0095182272400336
        ],
        [
            1634475628915,
            1.0083981794738401
        ],
        [
            1634479226975,
            1.0080104227719187
        ],
        [
            1634483155306,
            1.0096676757295144
        ]
    ],