{
    "wrapped-bitcoin": [
        [
            1633018030051,
            43109.036003564805
        ],
        [
            1633021759832,
            43002.892752809305
        ],
        [
            1633025014119,
            43338.98005940133
        ],
        [
            1633028540341,
            44069.47457021751
        ],
        [
            1633032104831,
            43692.474363942216
        ],
        [
            1633035962470,
            43589.59388637447
        ],
        [
            1633039479302,
            43836.114973875825
        ],
        [
            1633042997914,
            43877.676626047
        ],
        [
            1633046603930,
            43894.15714813076
        ],
        [
            1633050430332,
            43607.34917275005
        ],
        [
            1633053643819,
            43808.36150220799
        ],
        [
            1633057233071,
            43484.36654757129
        ],
        [
            1633060845733,
            43611.56966478163
        ],
        [
            1633064444135,
            43643.2967220284
        ],
        [
            1633068029653,
            43933.87880537213
        ],
        [
            1633071633965,
            44045.058016429604
        ],
        [
            1633075678011,
            44903.54396058592
        ],
        [
            1633078944028,
            44473.0270725899
        ],
        [
            1633082609128,
            45006.3089678687
        ],
        [
            1633086414976,
            47188.73927124506
        ],
        [
            1633089773898,
            47527.38471418883
        ],
        [
            1633093267305,
            47275.14033135812
        ],
        [
            1633096828763,
            47181.09968777732
        ],
        [
            1633100415796,
            47222.41757899134
        ]
    ],
    "ethereum": [
        [
            1633017791885,
            2980.1137598452706
        ],
        [
            1633021473363,
            2985.5404301528188
        ],
        [
            1633024976471,
            3008.3933162866942
        ],
        [
            1633028540311,
            3047.575360381577
        ],
        [
            1633032109572,
            3004.1739946938083
        ],
        [
            1633035972290,
            2985.079861152354
        ],
        [
            1633039453789,
            3015.6602648679655
        ],
        [
            1633042999835,
            3014.2606783484284
        ],
        [
            1633046607271,
            3009.706123751746
        ],
        [
            1633050029176,
            3026.348807498488
        ],
        [
            1633053818475,
            3028.616327937446
        ],
        [
            1633057391722,
            2996.5388160369625
        ],
        [
            1633061006908,
            3003.8920560958018
        ],
        [
            1633064436860,
            3003.759846639689
        ],
        [
            1633068117173,
            3023.231277333972
        ],
        [
            1633071805912,
            3031.940583460606
        ],
        [
            1633075405715,
            3095.615234336815
        ],
        [
            1633078847233,
            3122.3158491312606
        ],
        [
            1633082563717,
            3121.8299898398727
        ],
        [
            1633086394564,
            3214.443260135345
        ],
        [
            1633089762400,
            3246.113571950547
        ],
        [
            1633093359019,
            3230.5824886719433
        ],
        [
            1633097004276,
            3214.8915967271328
        ],
        [
            1633100440849,
            3203.7313372816016
        ]
    ],
    "celo": [
        [
            1633018008571,
            5.712100315333782
        ],
        [
            1633021308977,
            5.682465694830726
        ],
        [
            1633025178193,
            5.701348017149161
        ],
        [
            1633028875790,
            5.7561861534347
        ],
        [
            1633032112641,
            5.679693933573123
        ],
        [
            1633036074854,
            5.629638926960605
        ],
        [
            1633039625129,
            5.652005298021209
        ],
        [
            1633043071522,
            5.608109740801005
        ],
        [
            1633046675465,
            5.654773929253925
        ],
        [
            1633050157685,
            5.7566493096743265
        ],
        [
            1633053808431,
            5.717103982496743
        ],
        [
            1633057397341,
            5.643704954398224
        ],
        [
            1633061022418,
            5.666343805719111
        ],
        [
            1633064580220,
            5.65577809389369
        ],
        [
            1633068128279,
            5.7143946880718985
        ],
        [
            1633071806318,
            5.767251029167361
        ],
        [
            1633075336368,
            5.897729205363703
        ],
        [
            1633078946167,
            6.022161728829049
        ],
        [
            1633082612724,
            5.942216071207601
        ],
        [
            1633086142785,
            6.098905659660747
        ],
        [
            1633089760799,
            6.165635366306744
        ],
        [
            1633093263176,
            6.089412847020714
        ],
        [
            1633096947834,
            6.08301144268997
        ],
        [
            1633100863119,
            6.097183441066508
        ]
    ],
    "celo-dollar": [
        [
            1633018056861,
            1.00599618629572
        ],
        [
            1633021800056,
            1.0069834763191363
        ],
        [
            1633025634122,
            1.0098685936081495
        ],
        [
            1633029216125,
            1.008483587391181
        ],
        [
            1633032120751,
            1.0020396604906032
        ],
        [
            1633036097014,
            1.0078513222103087
        ],
        [
            1633039713307,
            1.0067996090087934
        ],
        [
            1633043365272,
            1.0047610401678622
        ],
        [
            1633047253915,
            1.0071160196679874
        ],
        [
            1633051074175,
            1.0055122949992474
        ],
        [
            1633053864698,
            1.0040443921183966
        ],
        [
            1633057923142,
            1.00232904116515
        ],
        [
            1633061537419,
            1.0066627991484411
        ],
        [
            1633065178102,
            1.0082518206702735
        ],
        [
            1633068756447,
            1.0093625969957702
        ],
        [
            1633072369891,
            1.0064193955717398
        ],
        [
            1633076015311,
            1.0080833131843454
        ],
        [
            1633078971748,
            1.0089086288887243
        ],
        [
            1633082801914,
            1.0056610188754127
        ],
        [
            1633086737393,
            1.008322509604013
        ],
        [
            1633090317629,
            1.0090491006959168
        ],
        [
            1633093452555,
            1.0064192063912019
        ],
        [
            1633097467783,
            1.0170127704143066
        ],
        [
            1633101506464,
            1.0102533654326014
        ]
    ],