{
    "wrapped-bitcoin": [
        [
            1634313853929,
            60057.37513859308
        ],
        [
            1634318244837,
            61225.88881366378
        ],
        [
            1634321358678,
            61825.43273341381
        ],
        [
            1634325494889,
            61132.46403652633
        ],
        [
            1634329116739,
            60979.58257465565
        ],
        [
            1634332662093,
            61869.128150198136
        ],
        [
            1634336181256,
            61028.80447797456
        ],
        [
            1634339798205,
            60829.44567705322
        ],
        [
            1634343201834,
            61194.17649954326
        ],
        [
            1634347139400,
            61588.79506714289
        ],
        [
            1634350728536,
            60976.95681693457
        ],
        [
            1634354296610,
            61224.04701167854
        ],
        [
            1634357891074,
            61427.6563247206
        ],
        [
            1634361243814,
            61339.1952594956
        ],
        [
            1634365105294,
            61651.50055282422
        ],
        [
            1634368623154,
            62017.306848754946
        ],
        [
            1634372244109,
            61981.3208710089
        ],
        [
            1634375893143,
            61739.23796472238
        ],
        [
            1634379520719,
            61683.468053692166
        ],
        [
            1634383078213,
            61690.137795846524
        ],
        [
            1634386478323,
            61818.825676859175
        ],
        [
            1634390350175,
            61135.69181330581
        ],
        [
            1634393872757,
            61344.048457855744
        ],
        [
            1634397501524,
            61016.77970589652
        ]
    ],
    "ethereum": [
        [
            1634313822961,
            3807.194560892753
        ],
        [
            1634317314468,
            3876.488351033527
        ],
        [
            1634320952603,
            3881.5386401236788
        ],
        [
            1634324455931,
            3874.2946190690623
        ],
        [
            1634328463168,
            3861.9014203421743
        ],
        [
            1634332135692,
            3898.7062021770757
        ],
        [
            1634335464794,
            3851.7542194274242
        ],
        [
            1634338870652,
            3865.177147990066
        ],
        [
            1634342489027,
            3885.641764529699
        ],
        [
            1634346560628,
            3856.3652301228067
        ],
        [
            1634349823425,
            3836.284043097462
        ],
        [
            1634353564921,
            3867.6842406889646
        ],
        [
            1634357058798,
            3855.5852333423472
        ],
        [
            1634360438375,
            3857.690773877882
        ],
        [
            1634364304107,
            3870.9083109460257
        ],
        [
            1634367701326,
            3864.5951853709275
        ],
        [
            1634371386189,
            3861.3766612707027
        ],
        [
            1634375135111,
            3946.361463806003
        ],
        [
            1634378445155,
            3936.4224493702486
        ],
        [
            1634382078808,
            3946.694914280539
        ],
        [
            1634385841038,
            3959.352452486741
        ],
        [
            1634389239704,
            3901.932674599709
        ],
        [
            1634393011321,
            3925.43369826768
        ],
        [
            1634396688918,
            3909.8435928437784
        ]
    ],
    "celo": [
        [
            1634313820870,
            5.826067389704062
        ],
        [
            1634317360091,
            5.86163930636875
        ],
        [
            1634320840341,
            5.935557137995828
        ],
        [
            1634324913368,
            5.929675147999817
        ],
        [
            1634328418689,
            5.890989316427288
        ],
        [
            1634331866108,
            5.93413749710662
        ],
        [
            1634335505968,
            5.811585910248276
        ],
        [
            1634339203760,
            5.8739629108883165
        ],
        [
            1634342499139,
            5.896067046206942
        ],
        [
            1634346363676,
            5.840977985096246
        ],
        [
            1634349887901,
            5.853562428305566
        ],
        [
            1634353446307,
            5.962597949335032
        ],
        [
            1634356833246,
            5.933131975018681
        ],
        [
            1634360590752,
            5.898856056557066
        ],
        [
            1634364208828,
            5.9212145182082345
        ],
        [
            1634367799989,
            5.928473596897481
        ],
        [
            1634371495925,
            6.041387445866989
        ],
        [
            1634374890202,
            6.00253931087111
        ],
        [
            1634378484005,
            5.943638365552409
        ],
        [
            1634382523147,
            5.945288164268301
        ],
        [
            1634385794692,
            5.997656772898987
        ],
        [
            1634390053882,
            5.846535408293857
        ],
        [
            1634392843588,
            5.866839616541878
        ],
        [
            1634396828266,
            5.868993372950299
        ]
    ],
    "celo-dollar": [
        [
            1634313674840,
            1.0035251000906413
        ],
        [
            1634317524667,
            1.016409203189414
        ],
        [
            1634320843746,
            1.0079786300143172
        ],
        [
            1634324654092,
            1.0053558795163033
        ],
        [
            1634328288117,
            1.018740176470029
        ],
        [
            1634331865839,
            1.020845908079238
        ],
        [
            1634335468366,
            1.0067499347358317
        ],
        [
            1634339365361,
            1.0172913685092244
        ],
        [
            1634342578428,
            1.0120040119371017
        ],
        [
            1634346160666,
            1.0073087401068002
        ],
        [
            1634349747493,
            1.0071031301463491
        ],
        [
            1634353430060,
            1.0116239915416179
        ],
        [
            1634357030064,
            1.0111780994944124
        ],
        [
            1634360881401,
            1.0110990786284217
        ],
        [
            1634364475078,
            1.0104420262422749
        ],
        [
            1634368024067,
            1.0089520757252686
        ],
        [
            1634371647816,
            1.0108810317907964
        ],
        [
            1634375264563,
            1.0101397105176357
        ],
        [
            1634378477346,
            1.0092766934745339
        ],
        [
            1634382212915,
            1.0079596621166467
        ],
        [
            1634386433731,
            1.0101048630704341
        ],
        [
            1634389360873,
            1.0085821382077163
        ],
        [
            1634392986767,
            1.0124299243689894
        ],
        [
            1634396581467,
            1.0107407639664412
        ]
    ],