{
    "wrapped-bitcoin": [
        [
            1634054890479,
            56700.254073407625
        ],
        [
            1634058389808,
            56564.35005760425
        ],
        [
            1634062632521,
            56070.80213555257
        ],
        [
            1634066240972,
            56175.92563554225
        ],
        [
            1634069837452,
            55652.63739199087
        ],
        [
            1634073444041,
            55545.87546884878
        ],
        [
            1634077101247,
            56513.338174485965
        ],
        [
            1634079980604,
            56520.90241243594
        ],
        [
            1634083411870,
            56330.89673987672
        ],
        [
            1634087050824,
            56684.3397592144
        ],
        [
            1634090806470,
            56389.36368987459
        ],
        [
            1634094596297,
            56529.07699491004
        ],
        [
            1634098173320,
            56445.601177092234
        ],
        [
            1634101410704,
            56358.262397321414
        ],
        [
            1634105034756,
            55777.90986037211
        ],
        [
            1634108590757,
            55549.857249397974
        ],
        [
            1634112891693,
            55121.77645421412
        ],
        [
            1634116721219,
            54928.39096395315
        ],
        [
            1634120063686,
            55140.700408514356
        ],
        [
            1634123351886,
            54923.799108812615
        ],
        [
            1634127296580,
            55353.463390656216
        ],
        [
            1634131028363,
            55271.59162335217
        ],
        [
            1634134623660,
            54892.03330268848
        ],
        [
            1634138189307,
            56443.251595825364
        ]
    ],
    "ethereum": [
        [
            1634054649286,
            3495.8263570066706
        ],
        [
            1634058354447,
            3520.624981485847
        ],
        [
            1634061955732,
            3497.640167823542
        ],
        [
            1634065574516,
            3496.3357476403744
        ],
        [
            1634068938102,
            3482.336107787319
        ],
        [
            1634072738215,
            3485.9911913202704
        ],
        [
            1634076502902,
            3504.6755018160375
        ],
        [
            1634079651776,
            3508.4612958368048
        ],
        [
            1634083371908,
            3496.9393789692463
        ],
        [
            1634086947454,
            3535.4875888035735
        ],
        [
            1634090522661,
            3516.579457385916
        ],
        [
            1634094034018,
            3522.040634683216
        ],
        [
            1634097835897,
            3510.708686921216
        ],
        [
            1634101374364,
            3515.0430617280813
        ],
        [
            1634104914278,
            3471.6427057771016
        ],
        [
            1634108484777,
            3463.544769162395
        ],
        [
            1634112257559,
            3447.6426123375713
        ],
        [
            1634115803180,
            3438.347981351058
        ],
        [
            1634119214742,
            3466.6461870805774
        ],
        [
            1634122881412,
            3455.0128024089922
        ],
        [
            1634126441168,
            3480.2168912984594
        ],
        [
            1634130052118,
            3468.0613977223097
        ],
        [
            1634133750805,
            3450.9125529349885
        ],
        [
            1634137503860,
            3502.998932444331
        ]
    ],
    "celo": [
        [
            1634054779722,
            5.400414573112779
        ],
        [
            1634058189509,
            5.496351635680123
        ],
        [
            1634061741636,
            5.437656269684078
        ],
        [
            1634065493944,
            5.526465804052301
        ],
        [
            1634069086446,
            5.471523302849524
        ],
        [
            1634072602886,
            5.587362634743149
        ],
        [
            1634076227690,
            5.658491853290796
        ],
        [
            1634080004712,
            5.646452957887596
        ],
        [
            1634083382991,
            5.577631372540805
        ],
        [
            1634087025300,
            5.690349170678597
        ],
        [
            1634090456369,
            5.83611887185597
        ],
        [
            1634094152463,
            5.794643642100663
        ],
        [
            1634097720079,
            5.722231180606301
        ],
        [
            1634101333681,
            5.663878888850243
        ],
        [
            1634104971840,
            5.433302551708759
        ],
        [
            1634108446108,
            5.3879576282814545
        ],
        [
            1634112233663,
            5.499142304647225
        ],
        [
            1634116254919,
            5.593171929205616
        ],
        [
            1634119319269,
            5.571429485599042
        ],
        [
            1634123044932,
            5.561251453852854
        ],
        [
            1634126832135,
            5.598105154517306
        ],
        [
            1634130170435,
            5.5800646298654275
        ],
        [
            1634134545278,
            5.6029531508414685
        ],
        [
            1634137367713,
            5.665843871103837
        ]
    ],
    "celo-dollar": [
        [
            1634054514543,
            0.9982981729715735
        ],
        [
            1634058032060,
            1.0016329821262573
        ],
        [
            1634061651568,
            1.0036968570717748
        ],
        [
            1634065235318,
            1.0002616122166728
        ],
        [
            1634068829504,
            0.9987526874169149
        ],
        [
            1634072413331,
            1.0066495843223888
        ],
        [
            1634076079855,
            1.0069884740830737
        ],
        [
            1634079654323,
            1.0050011291574834
        ],
        [
            1634083263743,
            1.000394302004297
        ],
        [
            1634087047477,
            1.0042072733351328
        ],
        [
            1634090699680,
            1.0021161318605623
        ],
        [
            1634094534269,
            1.002877489152164
        ],
        [
            1634098165590,
            1.001658382359226
        ],
        [
            1634101407766,
            1.001370509722153
        ],
        [
            1634105000770,
            0.9911410212630942
        ],
        [
            1634108587493,
            1.0012449736004272
        ],
        [
            1634112806331,
            1.0017234009860696
        ],
        [
            1634116602837,
            0.9992100073523181
        ],
        [
            1634119990649,
            1.0038311778526676
        ],
        [
            1634123346696,
            1.000188910504506
        ],
        [
            1634127197108,
            1.0037326503299502
        ],
        [
            1634130819304,
            1.0037299810767097
        ],
        [
            1634134403724,
            1.000539001457737
        ],
        [
            1634137998125,
            1.0078942301331428
        ]
    ],