{
    "wrapped-bitcoin": [
        [
            1634141791226,
            56163.59158178843
        ],
        [
            1634145432543,
            57281.29333877778
        ],
        [
            1634148847296,
            57157.395202150234
        ],
        [
            1634152140099,
            57158.98839757185
        ],
        [
            1634155737655,
            57269.461812032656
        ],
        [
            1634159030433,
            57269.48696433748
        ],
        [
            1634162971292,
            57700.05100682739
        ],
        [
            1634166440188,
            57702.854582511485
        ],
        [
            1634170154585,
            57719.35632301863
        ],
        [
            1634174062901,
            58015.78314053293
        ],
        [
            1634177320741,
            58559.94620480661
        ],
        [
            1634181326567,
            58373.30147541123
        ],
        [
            1634184878344,
            58360.4095782054
        ],
        [
            1634188491272,
            58212.76594066776
        ],
        [
            1634192219662,
            58215.131103803986
        ],
        [
            1634195861150,
            57997.00766610038
        ],
        [
            1634199501924,
            58091.41206638644
        ],
        [
            1634202743219,
            57762.51617563078
        ],
        [
            1634205802150,
            57641.40661576821
        ],
        [
            1634210049079,
            57880.94849134951
        ],
        [
            1634213649545,
            57945.392183435964
        ],
        [
            1634216941364,
            57806.33430716636
        ],
        [
            1634220882523,
            57730.37208483886
        ],
        [
            1634224845755,
            57481.82411176566
        ]
    ],
    "ethereum": [
        [
            1634141146439,
            3499.006904997986
        ],
        [
            1634144684615,
            3512.4439526069777
        ],
        [
            1634148208194,
            3522.3260063620337
        ],
        [
            1634151675591,
            3534.867934737589
        ],
        [
            1634155225207,
            3533.0963555903627
        ],
        [
            1634159014181,
            3580.4079606815635
        ],
        [
            1634162728033,
            3593.880167390332
        ],
        [
            1634166290838,
            3602.091643782617
        ],
        [
            1634169817250,
            3605.6503342981764
        ],
        [
            1634173692781,
            3616.6957646760065
        ],
        [
            1634176913629,
            3650.7899429194563
        ],
        [
            1634180592843,
            3643.0173450400466
        ],
        [
            1634184087035,
            3643.582580243223
        ],
        [
            1634187863309,
            3655.2339692330206
        ],
        [
            1634191462893,
            3647.9201955077647
        ],
        [
            1634194913853,
            3627.78830633961
        ],
        [
            1634198762316,
            3635.2755527753206
        ],
        [
            1634202023887,
            3647.646108324953
        ],
        [
            1634205639072,
            3639.293883683199
        ],
        [
            1634209430038,
            3654.358529792112
        ],
        [
            1634213122417,
            3726.0001684182575
        ],
        [
            1634216449317,
            3734.855608765071
        ],
        [
            1634220017333,
            3768.8138471614757
        ],
        [
            1634224064810,
            3790.0899040298023
        ]
    ],
    "celo": [
        [
            1634140885154,
            5.603571209361943
        ],
        [
            1634144461217,
            5.594781379077913
        ],
        [
            1634148364625,
            5.5974156698299895
        ],
        [
            1634151612364,
            5.654966080508686
        ],
        [
            1634155438240,
            5.660462101901666
        ],
        [
            1634159014046,
            5.6824603999228795
        ],
        [
            1634162503256,
            5.63971930420505
        ],
        [
            1634166290972,
            5.66294421756967
        ],
        [
            1634170006154,
            5.6985774539857825
        ],
        [
            1634173353067,
            5.6593455104327415
        ],
        [
            1634177001874,
            5.751107715319092
        ],
        [
            1634180573510,
            5.690225028474845
        ],
        [
            1634184104439,
            5.794249590025854
        ],
        [
            1634187846532,
            5.975009853836222
        ],
        [
            1634192182220,
            5.991180837911764
        ],
        [
            1634195336945,
            5.99981139278749
        ],
        [
            1634198803343,
            5.976229790316208
        ],
        [
            1634202263621,
            6.052065472486161
        ],
        [
            1634205679487,
            6.074712139668042
        ],
        [
            1634210256177,
            6.116452037497211
        ],
        [
            1634213654762,
            6.082409796431526
        ],
        [
            1634217176279,
            6.104631051344077
        ],
        [
            1634221010907,
            6.083708866736873
        ],
        [
            1634225063611,
            5.8849614603643605
        ]
    ],
    "celo-dollar": [
        [
            1634141607413,
            1.0022742113054361
        ],
        [
            1634145217615,
            1.004573504475766
        ],
        [
            1634148839721,
            1.0042130819192283
        ],
        [
            1634152135563,
            1.003923591120252
        ],
        [
            1634155546297,
            1.005889398850704
        ],
        [
            1634159024308,
            1.002712595605679
        ],
        [
            1634162942931,
            1.0051123869438248
        ],
        [
            1634166419664,
            1.002791632024021
        ],
        [
            1634170150830,
            1.0053219125303041
        ],
        [
            1634173941566,
            1.0090153070182764
        ],
        [
            1634177122089,
            1.0065971997462804
        ],
        [
            1634181196880,
            1.0026025595268337
        ],
        [
            1634184796240,
            1.0024750945928667
        ],
        [
            1634188370856,
            1.0066757262236876
        ],
        [
            1634192000969,
            1.003923904892032
        ],
        [
            1634195628832,
            1.0021291970493722
        ],
        [
            1634199294697,
            1.0026014277318198
        ],
        [
            1634202537876,
            1.0040115042751478
        ],
        [
            1634205795802,
            1.0037431775977235
        ],
        [
            1634209858337,
            1.0083345296081128
        ],
        [
            1634213570508,
            1.0062216167070093
        ],
        [
            1634216740690,
            1.006270278732796
        ],
        [
            1634220567115,
            1.0038266481934046
        ],
        [
            1634223855192,
            1.0024306903164955
        ]
    ],