{
    "wrapped-bitcoin": [
        [
            1633882240802,
            55367.26430661534
        ],
        [
            1633885782363,
            55475.909762624404
        ],
        [
            1633889367510,
            55358.3061674231
        ],
        [
            1633893444550,
            55375.302737283004
        ],
        [
            1633896763681,
            55509.54741193653
        ],
        [
            1633900587926,
            55184.93661246715
        ],
        [
            1633904052417,
            54853.08297477797
        ],
        [
            1633907683588,
            54964.08512320733
        ],
        [
            1633911430395,
            54697.40554209788
        ],
        [
            1633914967143,
            55653.25706674845
        ],
        [
            1633918179708,
            55561.9344364784
        ],
        [
            1633922066656,
            56095.35399273586
        ],
        [
            1633925040054,
            56875.27083725585
        ],
        [
            1633928891153,
            56586.53872269302
        ],
        [
            1633932241540,
            56688.36995449732
        ],
        [
            1633935843891,
            56784.093024312606
        ],
        [
            1633939304524,
            57362.918901486235
        ],
        [
            1633942891524,
            56736.43367676864
        ],
        [
            1633946529239,
            56610.56141318296
        ],
        [
            1633950025386,
            56469.979019893035
        ],
        [
            1633953746901,
            56599.49751212329
        ],
        [
            1633957362158,
            56660.73876549782
        ],
        [
            1633961057450,
            57719.001199196166
        ],
        [
            1633965593324,
            57448.251419573666
        ]
    ],
    "ethereum": [
        [
            1633881731143,
            3564.6408671190347
        ],
        [
            1633885518238,
            3551.8250205571476
        ],
        [
            1633888865024,
            3531.09613964686
        ],
        [
            1633892933500,
            3538.5894030920963
        ],
        [
            1633896380153,
            3537.04846840464
        ],
        [
            1633900096391,
            3514.0890048805486
        ],
        [
            1633903791088,
            3466.3930131096977
        ],
        [
            1633906808421,
            3466.6840823904768
        ],
        [
            1633910547124,
            3431.0193069150096
        ],
        [
            1633914475396,
            3452.8750551203607
        ],
        [
            1633918174272,
            3467.647692930136
        ],
        [
            1633921776263,
            3496.259273800836
        ],
        [
            1633924946427,
            3529.0111215509023
        ],
        [
            1633928670143,
            3515.0957650580126
        ],
        [
            1633932469911,
            3538.906863669097
        ],
        [
            1633936003791,
            3528.8589619076106
        ],
        [
            1633939666414,
            3581.1771200615754
        ],
        [
            1633943278012,
            3608.4283913100503
        ],
        [
            1633946689419,
            3585.460473400807
        ],
        [
            1633950185908,
            3582.411871032028
        ],
        [
            1633954126057,
            3565.5505681052064
        ],
        [
            1633957341479,
            3581.606592645531
        ],
        [
            1633961063146,
            3604.7859196462327
        ],
        [
            1633964543683,
            3604.8333184931744
        ]
    ],
    "celo": [
        [
            1633882984076,
            5.906166302297922
        ],
        [
            1633885698335,
            5.887170415203123
        ],
        [
            1633888940978,
            5.82624692566953
        ],
        [
            1633892925928,
            5.831413399421463
        ],
        [
            1633896190071,
            5.829475874888596
        ],
        [
            1633899791952,
            5.7934575894161595
        ],
        [
            1633903522440,
            5.747410233420065
        ],
        [
            1633906946952,
            5.732431933881684
        ],
        [
            1633910494447,
            5.6677003011431575
        ],
        [
            1633914201206,
            5.736717834249589
        ],
        [
            1633918171332,
            5.7726147606826075
        ],
        [
            1633921424080,
            5.836192966980247
        ],
        [
            1633924950442,
            5.8091109658387685
        ],
        [
            1633928720610,
            5.788374768756949
        ],
        [
            1633932069466,
            5.792982717276068
        ],
        [
            1633935979491,
            5.761644692171424
        ],
        [
            1633939615953,
            5.803391502130728
        ],
        [
            1633943303705,
            5.805035791272698
        ],
        [
            1633946871820,
            5.768733727272706
        ],
        [
            1633950268387,
            5.712004231660709
        ],
        [
            1633954434159,
            5.69790928184081
        ],
        [
            1633957481563,
            5.67964698998576
        ],
        [
            1633961065718,
            5.7218167326276355
        ],
        [
            1633964769916,
            5.682323938280187
        ]
    ],
    "celo-dollar": [
        [
            1633883055490,
            1.004826665225918
        ],
        [
            1633886644089,
            1.0041108429872612
        ],
        [
            1633890854405,
            1.0046983363419586
        ],
        [
            1633894527303,
            1.0027249997765935
        ],
        [
            1633897855330,
            1.0062957993868176
        ],
        [
            1633901654346,
            1.0021969150351746
        ],
        [
            1633904329692,
            1.0022232892002254
        ],
        [
            1633908551576,
            1.0036591530243115
        ],
        [
            1633912519279,
            1.0028840733418807
        ],
        [
            1633915877005,
            1.0086638055787818
        ],
        [
            1633919121313,
            1.0036725157305775
        ],
        [
            1633922546760,
            1.004966126210587
        ],
        [
            1633925082620,
            1.0081103262900393
        ],
        [
            1633930188346,
            1.0044638836233486
        ],
        [
            1633933918622,
            1.0029168777855517
        ],
        [
            1633936704012,
            1.0033592298742249
        ],
        [
            1633939819404,
            1.0029681660766463
        ],
        [
            1633943633087,
            1.0025431770236513
        ],
        [
            1633947581769,
            1.0029296733764612
        ],
        [
            1633951725821,
            1.0032630845207342
        ],
        [
            1633955297154,
            1.0023058032604795
        ],
        [
            1633959335455,
            1.0056962529794082
        ],
        [
            1633962898821,
            1.0067191143034109
        ],
        [
            1633966483060,
            1.0042473119134019
        ]
    ],