{
    "wrapped-bitcoin": [
        [
            1632240038792,
            43234.711052811756
        ],
        [
            1632243680439,
            42577.82262299539
        ],
        [
            1632247288449,
            41632.59006909431
        ],
        [
            1632250872106,
            42360.53989762023
        ],
        [
            1632254888163,
            42182.7302375531
        ],
        [
            1632258296698,
            40911.34083023273
        ],
        [
            1632261898422,
            41465.16882032367
        ],
        [
            1632265772275,
            40623.818015245466
        ],
        [
            1632269501561,
            40794.93894039703
        ],
        [
            1632273216477,
            41319.90849810108
        ],
        [
            1632276529792,
            42097.7966484125
        ],
        [
            1632280517623,
            42194.447965781146
        ],
        [
            1632284286555,
            42054.85087636112
        ],
        [
            1632287071040,
            41914.10726407683
        ],
        [
            1632290675295,
            41993.30693634612
        ],
        [
            1632294209050,
            42303.931973802086
        ],
        [
            1632297642531,
            42748.320447010134
        ],
        [
            1632301250425,
            42385.054173828736
        ],
        [
            1632304850505,
            42356.41461654371
        ],
        [
            1632308456789,
            42152.23426429441
        ],
        [
            1632312037239,
            42065.92253961407
        ],
        [
            1632316054411,
            42239.876241951824
        ],
        [
            1632319387457,
            42390.81898072001
        ],
        [
            1632323297123,
            42533.07474431644
        ]
    ],
    "ethereum": [
        [
            1632240221420,
            3039.090759917235
        ],
        [
            1632244050129,
            2951.5842226795835
        ],
        [
            1632247468644,
            2881.5296916015986
        ],
        [
            1632251093530,
            2910.8502189237906
        ],
        [
            1632254885121,
            2896.1128417369655
        ],
        [
            1632258300069,
            2767.4217208360515
        ],
        [
            1632261756767,
            2840.9918969478094
        ],
        [
            1632265602358,
            2742.65581151189
        ],
        [
            1632269260788,
            2771.3795085473475
        ],
        [
            1632273214776,
            2814.4780662049047
        ],
        [
            1632276527564,
            2869.6659939655
        ],
        [
            1632280482661,
            2878.6349935528406
        ],
        [
            1632283875337,
            2866.7677405294294
        ],
        [
            1632287021441,
            2854.5441281353765
        ],
        [
            1632290674106,
            2872.2924938941683
        ],
        [
            1632294558628,
            2932.0303194598273
        ],
        [
            1632297825716,
            2968.092800849711
        ],
        [
            1632301310276,
            2933.9632798685775
        ],
        [
            1632305351565,
            2947.413352142707
        ],
        [
            1632308604635,
            2921.203268421673
        ],
        [
            1632312562822,
            2906.261741471107
        ],
        [
            1632315844080,
            2923.164017976821
        ],
        [
            1632319204222,
            2945.4152358648
        ],
        [
            1632323297816,
            2945.4695966106588
        ]
    ],
    "celo": [
        [
            1632240216793,
            6.90651391503867
        ],
        [
            1632244051535,
            6.635765098275466
        ],
        [
            1632247451985,
            6.54030951143216
        ],
        [
            1632251330361,
            6.488244822300189
        ],
        [
            1632254402588,
            6.408761947517572
        ],
        [
            1632258577868,
            6.158383902457071
        ],
        [
            1632261851914,
            6.3645677778812795
        ],
        [
            1632265792170,
            6.161132358322053
        ],
        [
            1632269343282,
            6.236690109544137
        ],
        [
            1632273533660,
            6.352213407777789
        ],
        [
            1632276527514,
            6.435536266269464
        ],
        [
            1632280016681,
            6.438180801492998
        ],
        [
            1632283532953,
            6.362959517960676
        ],
        [
            1632287027895,
            6.118921146963769
        ],
        [
            1632290696697,
            6.026956317887194
        ],
        [
            1632294030628,
            6.1284553271662014
        ],
        [
            1632297918078,
            6.080360103886304
        ],
        [
            1632301346370,
            5.983575556141696
        ],
        [
            1632305353722,
            5.908720020579454
        ],
        [
            1632308648438,
            5.982068597091713
        ],
        [
            1632312589776,
            5.738771668068227
        ],
        [
            1632316170797,
            5.810589083188863
        ],
        [
            1632319407150,
            5.934935130164733
        ],
        [
            1632323275658,
            6.051582940222944
        ]
    ],
    "celo-dollar": [
        [
            1632240261283,
            1.0056887085094117
        ],
        [
            1632244071071,
            1.0074449427938035
        ],
        [
            1632247484982,
            1.0084692128689952
        ],
        [
            1632251875619,
            1.0079280490666869
        ],
        [
            1632255262124,
            1.0092388957468272
        ],
        [
            1632258590813,
            1.0117763286700485
        ],
        [
            1632262196847,
            1.018704735145356
        ],
        [
            1632266335626,
            1.0124741674004918
        ],
        [
            1632269928317,
            1.0092493612703681
        ],
        [
            1632273743861,
            1.0183957483917703
        ],
        [
            1632276573647,
            1.005653111214827
        ],
        [
            1632280719059,
            1.0064880727676457
        ],
        [
            1632284303670,
            1.0033746351548973
        ],
        [
            1632287506153,
            1.0038743578132105
        ],
        [
            1632291133326,
            1.0056731249885162
        ],
        [
            1632294593483,
            1.008432767814584
        ],
        [
            1632298047905,
            1.0135453501275586
        ],
        [
            1632301356421,
            1.0093310437238168
        ],
        [
            1632305556826,
            1.0085324429923002
        ],
        [
            1632308674981,
            1.00532246856806
        ],
        [
            1632312746633,
            1.0114054598573832
        ],
        [
            1632316625882,
            1.0169981231496303
        ],
        [
            1632319493416,
            1.0141059354812227
        ],
        [
            1632323308689,
            1.0096796538417114
        ]
    ],