{
    "wrapped-bitcoin": [
        [
            1632153892178,
            43798.577917181334
        ],
        [
            1632157450984,
            43897.97365251705
        ],
        [
            1632161228436,
            44036.16826756374
        ],
        [
            1632165113656,
            43374.14754219091
        ],
        [
            1632168435555,
            43915.922372228444
        ],
        [
            1632171864942,
            43391.87705334636
        ],
        [
            1632175463195,
            43656.22919370678
        ],
        [
            1632179057956,
            43354.511047336804
        ],
        [
            1632182604275,
            42922.0648680812
        ],
        [
            1632186293276,
            41743.25430333074
        ],
        [
            1632189858433,
            42672.96383500514
        ],
        [
            1632193737103,
            42961.727827774674
        ],
        [
            1632197270361,
            42765.85004127251
        ],
        [
            1632200986859,
            42459.92154823012
        ],
        [
            1632204277010,
            42602.20757591058
        ],
        [
            1632208683631,
            42992.383415233366
        ],
        [
            1632211468276,
            43322.13632329639
        ],
        [
            1632215369334,
            43356.61363571745
        ],
        [
            1632218610421,
            43254.191371823086
        ],
        [
            1632222183518,
            43600.45551325229
        ],
        [
            1632225623115,
            43442.22808184238
        ],
        [
            1632229392085,
            43306.482468372844
        ],
        [
            1632233022646,
            43354.26795924742
        ],
        [
            1632236689842,
            42480.78987808063
        ]
    ],
    "ethereum": [
        [
            1632153771419,
            3076.759484524378
        ],
        [
            1632157464779,
            3099.146460258417
        ],
        [
            1632160912605,
            3107.5138840489194
        ],
        [
            1632165013597,
            3031.35126713894
        ],
        [
            1632168245867,
            3089.2810473469603
        ],
        [
            1632171794991,
            3006.789444650122
        ],
        [
            1632175382268,
            3030.1845602448134
        ],
        [
            1632178977119,
            2988.1009344442264
        ],
        [
            1632182588636,
            2979.8265772969357
        ],
        [
            1632186258342,
            2895.3031459313606
        ],
        [
            1632189808633,
            2995.5916240411766
        ],
        [
            1632193479348,
            3034.1186895681517
        ],
        [
            1632197265573,
            3010.032039390125
        ],
        [
            1632200969306,
            2985.87486383734
        ],
        [
            1632204270759,
            2999.7875409531853
        ],
        [
            1632207703687,
            3043.760804906729
        ],
        [
            1632211465593,
            3078.193597853539
        ],
        [
            1632215344727,
            3079.5979967730404
        ],
        [
            1632218412941,
            3058.3035955693354
        ],
        [
            1632222274839,
            3098.1280304493484
        ],
        [
            1632225745654,
            3072.309011070806
        ],
        [
            1632229394133,
            3048.574055257509
        ],
        [
            1632233016365,
            3051.962340436349
        ],
        [
            1632236692654,
            2980.5779352056
        ]
    ],
    "celo": [
        [
            1632153707412,
            6.083900002856773
        ],
        [
            1632157466332,
            6.1798109414708975
        ],
        [
            1632161281552,
            6.288265494931556
        ],
        [
            1632165112438,
            5.87527196620544
        ],
        [
            1632168430054,
            6.228684984705149
        ],
        [
            1632171794900,
            6.044916134425714
        ],
        [
            1632175385163,
            5.973882466975278
        ],
        [
            1632179059323,
            5.834212810170663
        ],
        [
            1632182599999,
            5.872215730649501
        ],
        [
            1632186235195,
            6.0158628270429695
        ],
        [
            1632189835232,
            6.12553501340129
        ],
        [
            1632193350160,
            6.280317816034211
        ],
        [
            1632197171967,
            6.2969238329891155
        ],
        [
            1632200974761,
            6.4196292912882695
        ],
        [
            1632204029594,
            7.217323578657619
        ],
        [
            1632208530489,
            6.917428743320144
        ],
        [
            1632211330089,
            6.930409382369159
        ],
        [
            1632215367309,
            7.024544108291116
        ],
        [
            1632218776405,
            7.264041185594919
        ],
        [
            1632222216023,
            7.161027565344659
        ],
        [
            1632225745281,
            6.97824189328822
        ],
        [
            1632229391464,
            6.806297164699381
        ],
        [
            1632233014891,
            6.80227810053649
        ],
        [
            1632236691897,
            6.63098869080366
        ]
    ],
    "celo-dollar": [
        [
            1632153943947,
            1.0023038315296553
        ],
        [
            1632157942164,
            1.0010872713766064
        ],
        [
            1632161286586,
            1.00106106547897
        ],
        [
            1632165123820,
            1.0015581478606264
        ],
        [
            1632168444809,
            1.0023972678765547
        ],
        [
            1632171886874,
            0.9990012772504199
        ],
        [
            1632175478067,
            0.9997304455731991
        ],
        [
            1632179373718,
            0.9984505527228432
        ],
        [
            1632182822675,
            1.0026025444749185
        ],
        [
            1632186587000,
            1.0013148824791451
        ],
        [
            1632190377483,
            1.0028637385797934
        ],
        [
            1632194031601,
            1.0034437341853537
        ],
        [
            1632197279876,
            1.002755707992495
        ],
        [
            1632201010273,
            1.0021725617469686
        ],
        [
            1632204292654,
            1.0048857706555223
        ],
        [
            1632209022824,
            1.0035215994832654
        ],
        [
            1632211664961,
            1.0016401538938122
        ],
        [
            1632215398183,
            1.005163787572493
        ],
        [
            1632218785595,
            1.0049495783486073
        ],
        [
            1632222461767,
            1.0049657997102364
        ],
        [
            1632225836048,
            1.0047030261283993
        ],
        [
            1632229737468,
            1.0046701416835462
        ],
        [
            1632233089923,
            1.004128717073912
        ],
        [
            1632237138150,
            1.0089134132516817
        ]
    ],