{
    "wrapped-bitcoin": [
        [
            1632585959650,
            42775.121520897206
        ],
        [
            1632589429428,
            42755.67575902585
        ],
        [
            1632593312575,
            42726.208894404794
        ],
        [
            1632596891126,
            42661.82867139305
        ],
        [
            1632600492815,
            42779.81737441498
        ],
        [
            1632603870167,
            42854.81728178898
        ],
        [
            1632607670018,
            42778.22352711692
        ],
        [
            1632610836873,
            42915.559302249916
        ],
        [
            1632614739958,
            42865.766171911506
        ],
        [
            1632618601983,
            42365.48568494744
        ],
        [
            1632621856977,
            42351.279119892075
        ],
        [
            1632625339166,
            42187.069083757066
        ],
        [
            1632628960466,
            42249.50999787992
        ],
        [
            1632632648441,
            42306.40531081727
        ],
        [
            1632636148162,
            42215.865079492934
        ],
        [
            1632639828594,
            42114.932247847835
        ],
        [
            1632643607141,
            41165.0275667508
        ],
        [
            1632647328529,
            41581.86192348875
        ],
        [
            1632650667912,
            43506.54982128674
        ],
        [
            1632654503319,
            43209.364330896795
        ],
        [
            1632657803203,
            43231.987289036864
        ],
        [
            1632661784850,
            43390.56472446358
        ],
        [
            1632665093522,
            43208.78450292979
        ],
        [
            1632668939889,
            43453.5641878438
        ]
    ],
    "ethereum": [
        [
            1632585633580,
            2934.7383162419405
        ],
        [
            1632589428415,
            2911.9535341860287
        ],
        [
            1632593263858,
            2916.634545782349
        ],
        [
            1632597044150,
            2905.3647152226345
        ],
        [
            1632600480472,
            2923.435131574954
        ],
        [
            1632603860818,
            2934.3999824456428
        ],
        [
            1632607227081,
            2924.6942190884047
        ],
        [
            1632611165816,
            2948.5149669384623
        ],
        [
            1632614724397,
            2942.199299667037
        ],
        [
            1632618139631,
            2883.4280193373384
        ],
        [
            1632621788287,
            2876.2277203209683
        ],
        [
            1632625317128,
            2873.458249709422
        ],
        [
            1632628941281,
            2864.1636979888012
        ],
        [
            1632632574030,
            2857.954178754548
        ],
        [
            1632636002388,
            2855.4552056667853
        ],
        [
            1632639773284,
            2837.2050678240944
        ],
        [
            1632643359218,
            2750.50887673417
        ],
        [
            1632647307128,
            2790.6550507048337
        ],
        [
            1632650653840,
            3025.552628285169
        ],
        [
            1632654273586,
            2965.4101583684433
        ],
        [
            1632657709440,
            2981.6255771470233
        ],
        [
            1632661291354,
            3010.272647420722
        ],
        [
            1632664827446,
            3003.7345760539124
        ],
        [
            1632668651528,
            3029.1527022332357
        ]
    ],
    "celo": [
        [
            1632585805334,
            6.905374993986677
        ],
        [
            1632589440684,
            6.826757645850876
        ],
        [
            1632593007807,
            6.86002639529847
        ],
        [
            1632596731815,
            6.936961995686472
        ],
        [
            1632600133302,
            6.965332701819758
        ],
        [
            1632603801522,
            6.980798096886273
        ],
        [
            1632607602684,
            6.900003085557355
        ],
        [
            1632610924497,
            6.865432372343148
        ],
        [
            1632614599135,
            6.839346169545604
        ],
        [
            1632618098178,
            6.580944785348852
        ],
        [
            1632621830717,
            6.4665416219208325
        ],
        [
            1632625250310,
            6.442964560851925
        ],
        [
            1632628944220,
            6.429836464318339
        ],
        [
            1632632585233,
            6.579980261270125
        ],
        [
            1632636106896,
            6.443545749950719
        ],
        [
            1632639748434,
            6.385647610474008
        ],
        [
            1632643350002,
            5.8404317733438225
        ],
        [
            1632647282434,
            5.863516298716705
        ],
        [
            1632650594071,
            6.357603238570905
        ],
        [
            1632654142731,
            6.3141673945704815
        ],
        [
            1632657700305,
            6.348023918079805
        ],
        [
            1632661430762,
            6.3678381712454
        ],
        [
            1632664855502,
            6.205582880533039
        ],
        [
            1632668653600,
            6.346290216129951
        ]
    ],
    "celo-dollar": [
        [
            1632586400024,
            1.0098000665512776
        ],
        [
            1632589462293,
            1.0102580352563117
        ],
        [
            1632593337760,
            1.0098931636845736
        ],
        [
            1632597240884,
            1.010613905217143
        ],
        [
            1632601159098,
            1.0081980916687154
        ],
        [
            1632603893645,
            1.011447429231547
        ],
        [
            1632607682945,
            1.0106002707098924
        ],
        [
            1632611542015,
            1.011775713636178
        ],
        [
            1632614880662,
            1.0101235655400946
        ],
        [
            1632618741830,
            1.009341820069044
        ],
        [
            1632621862793,
            1.007633845646798
        ],
        [
            1632625345057,
            1.0095583335435832
        ],
        [
            1632628964562,
            1.0076698544904985
        ],
        [
            1632632673698,
            1.0086114173272103
        ],
        [
            1632636243256,
            1.0121071538423534
        ],
        [
            1632639833300,
            1.007389135442308
        ],
        [
            1632643760164,
            1.0061590079875133
        ],
        [
            1632647337229,
            1.0077654600444033
        ],
        [
            1632650672571,
            1.0257088031031882
        ],
        [
            1632654570351,
            1.009180899805353
        ],
        [
            1632657869792,
            1.0099848256832902
        ],
        [
            1632661944035,
            1.0100194804311384
        ],
        [
            1632665170775,
            1.0105911757370987
        ],
        [
            1632668950090,
            1.0118624125017466
        ]
    ],