{
    "wrapped-bitcoin": [
        [
            1635093468020,
            60103.711947292824
        ],
        [
            1635096926587,
            60416.95644913065
        ],
        [
            1635100376246,
            59944.21001969745
        ],
        [
            1635104231487,
            60378.60633006279
        ],
        [
            1635107836790,
            60743.592763804016
        ],
        [
            1635111545704,
            61140.22750831893
        ],
        [
            1635114698676,
            61024.668121643575
        ],
        [
            1635118666858,
            61076.040932759024
        ],
        [
            1635122249414,
            61049.394610642536
        ],
        [
            1635125837340,
            62106.088334110274
        ],
        [
            1635129414160,
            61923.485329203366
        ],
        [
            1635132560400,
            62036.27789398052
        ],
        [
            1635136671716,
            61927.15697316011
        ],
        [
            1635139179066,
            62271.89154827734
        ],
        [
            1635143375326,
            62104.500025107685
        ],
        [
            1635147013373,
            62845.59008222659
        ],
        [
            1635150783984,
            63257.26339132747
        ],
        [
            1635153883258,
            63210.085111487824
        ],
        [
            1635157311024,
            63070.99656800127
        ],
        [
            1635159977536,
            63039.91455052157
        ],
        [
            1635164378311,
            63163.881889025084
        ],
        [
            1635169054323,
            63590.26596579463
        ],
        [
            1635171734341,
            63141.56287269846
        ],
        [
            1635175494777,
            63586.15495553262
        ]
    ],
    "ethereum": [
        [
            1635091410506,
            4028.0453640106784
        ],
        [
            1635095296453,
            4031.6981317091386
        ],
        [
            1635098663500,
            4022.8385044649212
        ],
        [
            1635102058150,
            3998.417506890104
        ],
        [
            1635105666823,
            4037.5911904571312
        ],
        [
            1635109508333,
            4061.7587245726363
        ],
        [
            1635112852475,
            4078.445673620975
        ],
        [
            1635116759142,
            4076.240262732357
        ],
        [
            1635120242871,
            4097.994135659799
        ],
        [
            1635123712196,
            4142.1796198400325
        ],
        [
            1635128054211,
            4136.949923693101
        ],
        [
            1635130921137,
            4138.124402586821
        ],
        [
            1635134456367,
            4139.27676274445
        ],
        [
            1635138316415,
            4149.755248954957
        ],
        [
            1635141632676,
            4139.768247292718
        ],
        [
            1635145303360,
            4157.062607805679
        ],
        [
            1635149059760,
            4173.6047683981615
        ],
        [
            1635152930257,
            4145.177991919693
        ],
        [
            1635156007956,
            4151.909735152395
        ],
        [
            1635159777364,
            4150.278291507677
        ],
        [
            1635163435400,
            4146.468061582438
        ],
        [
            1635167479823,
            4125.606740994821
        ],
        [
            1635170489160,
            4160.698702927136
        ],
        [
            1635174093934,
            4174.1070968338845
        ]
    ],
    "celo": [
        [
            1635091630579,
            6.605304340823472
        ],
        [
            1635095041227,
            6.635498928034676
        ],
        [
            1635098472651,
            6.6485626673490374
        ],
        [
            1635102062665,
            6.559246821139043
        ],
        [
            1635106221042,
            6.601025468950614
        ],
        [
            1635109360599,
            6.638415581326227
        ],
        [
            1635113033711,
            6.637637500737376
        ],
        [
            1635116518437,
            6.679517904600129
        ],
        [
            1635120399539,
            6.723852278014166
        ],
        [
            1635124131180,
            6.822645089764174
        ],
        [
            1635127937767,
            6.940408770553909
        ],
        [
            1635131307295,
            7.010889785027612
        ],
        [
            1635135147532,
            6.993918015057422
        ],
        [
            1635138093072,
            6.949148999165209
        ],
        [
            1635142111878,
            6.9221438179591805
        ],
        [
            1635145227976,
            6.982731319747727
        ],
        [
            1635149248680,
            6.951643703636302
        ],
        [
            1635152917676,
            6.933195122944586
        ],
        [
            1635156485667,
            6.961264025309335
        ],
        [
            1635159668237,
            7.019881058769921
        ],
        [
            1635163470732,
            7.133458251227797
        ],
        [
            1635167076822,
            7.055768317494341
        ],
        [
            1635170442837,
            7.137865485422962
        ],
        [
            1635174218662,
            7.343227910054056
        ]
    ],
    "celo-dollar": [
        [
            1635091271261,
            1.008830831728339
        ],
        [
            1635095043530,
            1.0075108609739614
        ],
        [
            1635098692517,
            1.0057890568551682
        ],
        [
            1635102298829,
            1.0068973874650742
        ],
        [
            1635105836440,
            1.0064009438296757
        ],
        [
            1635109487776,
            1.0089337571210906
        ],
        [
            1635113549714,
            1.0056788304661897
        ],
        [
            1635117124478,
            1.0091329639892042
        ],
        [
            1635120754016,
            1.004583245169831
        ],
        [
            1635124367470,
            1.0200268035269013
        ],
        [
            1635128046541,
            1.0108231860225831
        ],
        [
            1635131541616,
            1.0140628361005624
        ],
        [
            1635135171853,
            1.006108316494248
        ],
        [
            1635138779936,
            1.0067623690442946
        ],
        [
            1635142369978,
            1.0052923065810726
        ],
        [
            1635145967362,
            1.0127165506062838
        ],
        [
            1635149394004,
            1.0116567374937684
        ],
        [
            1635152935966,
            1.010931253765584
        ],
        [
            1635156449805,
            1.00939838042924
        ],
        [
            1635159807256,
            1.0105157541171443
        ],
        [
            1635163466851,
            1.010950600411308
        ],
        [
            1635167585224,
            1.0083199806672736
        ],
        [
            1635170544816,
            1.0123271720098512
        ],
        [
            1635174201891,
            1.0147681502934969
        ]
    ],