{
    "wrapped-bitcoin": [
        [
            1634487080609,
            60781.11465695153
        ],
        [
            1634490067398,
            61017.770996814
        ],
        [
            1634493940488,
            61078.72111541909
        ],
        [
            1634497575070,
            60960.25178103397
        ],
        [
            1634501139587,
            60185.47052217812
        ],
        [
            1634505271645,
            59539.60072903743
        ],
        [
            1634508923610,
            60751.922147296886
        ],
        [
            1634512586706,
            61310.63879961892
        ],
        [
            1634516190045,
            62107.77606531923
        ],
        [
            1634518874055,
            63019.151840143415
        ],
        [
            1634522532361,
            62369.28730456425
        ],
        [
            1634526289398,
            62362.403521777494
        ],
        [
            1634530253917,
            62339.06917056532
        ],
        [
            1634533967966,
            62674.253515973745
        ],
        [
            1634537248277,
            62574.292463161575
        ],
        [
            1634541473209,
            62720.91658520516
        ],
        [
            1634544599797,
            62220.31394349167
        ],
        [
            1634547715577,
            62056.62653136934
        ],
        [
            1634552041089,
            61280.3383685792
        ],
        [
            1634555660883,
            61487.09513371965
        ],
        [
            1634559221308,
            61131.07061052844
        ],
        [
            1634562824602,
            60617.870330402504
        ],
        [
            1634566413902,
            61993.78173529808
        ],
        [
            1634569484417,
            62197.74475944228
        ]
    ],
    "ethereum": [
        [
            1634486439172,
            3798.654204791077
        ],
        [
            1634490368282,
            3820.522466777821
        ],
        [
            1634493644182,
            3817.584452483877
        ],
        [
            1634497610689,
            3812.6067114794946
        ],
        [
            1634500999867,
            3763.94099098818
        ],
        [
            1634504875715,
            3705.179373251265
        ],
        [
            1634508276223,
            3756.383732073372
        ],
        [
            1634511786698,
            3829.342001461636
        ],
        [
            1634515243253,
            3852.461174731202
        ],
        [
            1634519104057,
            3888.9637123032444
        ],
        [
            1634522984761,
            3881.8240567993676
        ],
        [
            1634526236395,
            3878.5682883966338
        ],
        [
            1634529877249,
            3854.512550437623
        ],
        [
            1634533314880,
            3880.3180203721017
        ],
        [
            1634537543076,
            3891.6490151910098
        ],
        [
            1634541873953,
            3897.432733676199
        ],
        [
            1634544584255,
            3857.139421099538
        ],
        [
            1634547881706,
            3843.4167929736495
        ],
        [
            1634551520607,
            3781.802615079209
        ],
        [
            1634554966131,
            3802.2046539487674
        ],
        [
            1634558424583,
            3748.346892622554
        ],
        [
            1634562773301,
            3719.386104733154
        ],
        [
            1634566237256,
            3809.2053758453826
        ],
        [
            1634569486010,
            3805.9439938324003
        ]
    ],
    "celo": [
        [
            1634486459530,
            6.374673522485983
        ],
        [
            1634490084935,
            6.593059942233026
        ],
        [
            1634494765214,
            6.360187194394094
        ],
        [
            1634497657882,
            6.371948224689813
        ],
        [
            1634501276760,
            6.243479229752224
        ],
        [
            1634504820523,
            6.1342483702380814
        ],
        [
            1634508437487,
            6.136444820189306
        ],
        [
            1634511640309,
            6.131505554328911
        ],
        [
            1634515718471,
            6.1572170662533265
        ],
        [
            1634518952760,
            6.381275707718866
        ],
        [
            1634523322183,
            6.364207779619173
        ],
        [
            1634526028113,
            6.220609895155328
        ],
        [
            1634529997980,
            6.211356252686753
        ],
        [
            1634533464995,
            6.1735145350786995
        ],
        [
            1634537708975,
            6.259188285360747
        ],
        [
            1634541670420,
            6.381310206268543
        ],
        [
            1634544586339,
            6.252651712970692
        ],
        [
            1634547690195,
            6.211372618564708
        ],
        [
            1634551692200,
            6.035299249241406
        ],
        [
            1634555308204,
            6.064043842425426
        ],
        [
            1634559267880,
            6.039111854062641
        ],
        [
            1634562066936,
            6.001808407602383
        ],
        [
            1634566305988,
            6.108941472842832
        ],
        [
            1634569435238,
            6.159005892057864
        ]
    ],
    "celo-dollar": [
        [
            1634486740046,
            1.0048524292000982
        ],
        [
            1634490235839,
            1.009831059295092
        ],
        [
            1634493855550,
            1.007744782088923
        ],
        [
            1634497661661,
            1.00657706338118
        ],
        [
            1634500812213,
            1.007232450286158
        ],
        [
            1634504603803,
            1.003309821308642
        ],
        [
            1634508238857,
            1.0034315369464846
        ],
        [
            1634511737371,
            1.0064723269706337
        ],
        [
            1634515227348,
            1.0051917703776097
        ],
        [
            1634518854499,
            1.0083789168792772
        ],
        [
            1634522590675,
            1.0041039805107894
        ],
        [
            1634526727005,
            1.0075411311678728
        ],
        [
            1634529962909,
            1.0077258357973868
        ],
        [
            1634533583801,
            1.0090714886881136
        ],
        [
            1634536811537,
            1.0074305221639464
        ],
        [
            1634540469194,
            1.0082750969781706
        ],
        [
            1634544277537,
            1.0096061245863102
        ],
        [
            1634547790026,
            1.0078445160830276
        ],
        [
            1634551666458,
            1.0058931194920309
        ],
        [
            1634554906369,
            1.0112974888012831
        ],
        [
            1634558509840,
            1.0054749533309832
        ],
        [
            1634562227598,
            1.005968219335995
        ],
        [
            1634565831751,
            1.0096593363538686
        ],
        [
            1634569417894,
            1.0108779192903161
        ]
    ],