{
    "wrapped-bitcoin": [
        [
            1634573430416,
            62193.30872464458
        ],
        [
            1634577164890,
            61828.27992502271
        ],
        [
            1634580246795,
            62047.1305375805
        ],
        [
            1634583871205,
            61867.11638086236
        ],
        [
            1634587568425,
            61399.213183468346
        ],
        [
            1634590845492,
            61333.42029527827
        ],
        [
            1634594765225,
            61719.2479927002
        ],
        [
            1634598144691,
            61893.54134627456
        ],
        [
            1634601825147,
            61982.08028189971
        ],
        [
            1634605734437,
            61849.50282784425
        ],
        [
            1634609390930,
            61980.27283997686
        ],
        [
            1634612602673,
            61913.91828047206
        ],
        [
            1634616182447,
            62812.09440012875
        ],
        [
            1634619852813,
            62726.533355673484
        ],
        [
            1634623358053,
            62678.08531277088
        ],
        [
            1634626833844,
            62223.881223890945
        ],
        [
            1634630692353,
            62375.53792288092
        ],
        [
            1634634562102,
            62458.32733632117
        ],
        [
            1634638305210,
            62184.28593953792
        ],
        [
            1634641978485,
            62262.454733568375
        ],
        [
            1634645759076,
            62201.185133420804
        ],
        [
            1634648950649,
            62430.42972185901
        ],
        [
            1634652742238,
            62670.8059865065
        ],
        [
            1634656487534,
            62620.61812342138
        ]
    ],
    "ethereum": [
        [
            1634572942288,
            3777.802165641514
        ],
        [
            1634576690112,
            3744.495430409991
        ],
        [
            1634580248255,
            3745.461735390205
        ],
        [
            1634583874433,
            3736.945082192836
        ],
        [
            1634587630375,
            3743.1960522768077
        ],
        [
            1634591221924,
            3737.040690708142
        ],
        [
            1634594539594,
            3753.8175625912127
        ],
        [
            1634598151200,
            3749.154953330546
        ],
        [
            1634601897192,
            3752.0968780075814
        ],
        [
            1634605589667,
            3751.8571731642987
        ],
        [
            1634609321691,
            3797.6991937496314
        ],
        [
            1634612821413,
            3794.8063927992885
        ],
        [
            1634616020064,
            3826.845013701821
        ],
        [
            1634619854565,
            3828.2383200454797
        ],
        [
            1634623462504,
            3838.8843009242205
        ],
        [
            1634627333855,
            3792.649414115322
        ],
        [
            1634630450561,
            3812.9272134472876
        ],
        [
            1634634370541,
            3821.679101914189
        ],
        [
            1634638458760,
            3792.148324450874
        ],
        [
            1634641741673,
            3791.8678236488554
        ],
        [
            1634644941269,
            3808.8579673633044
        ],
        [
            1634648601643,
            3813.7768587691735
        ],
        [
            1634652173646,
            3822.499818141867
        ],
        [
            1634655999229,
            3830.5251297189066
        ]
    ],
    "celo": [
        [
            1634572824051,
            6.120293038433757
        ],
        [
            1634576874234,
            6.080971410600111
        ],
        [
            1634580248166,
            6.125741276222704
        ],
        [
            1634583874205,
            6.093987968595482
        ],
        [
            1634587717154,
            6.105000089582405
        ],
        [
            1634591069998,
            6.1074761682193985
        ],
        [
            1634595059341,
            6.103741482442088
        ],
        [
            1634598146059,
            6.126618398520888
        ],
        [
            1634601885477,
            6.14018055354787
        ],
        [
            1634605504749,
            6.150450282785717
        ],
        [
            1634609232142,
            6.233010943278478
        ],
        [
            1634612812625,
            6.20799070761919
        ],
        [
            1634616218199,
            6.1631191737472655
        ],
        [
            1634619850026,
            6.1679619036700295
        ],
        [
            1634623399253,
            6.1370321920429705
        ],
        [
            1634627282400,
            6.075280578919873
        ],
        [
            1634630692072,
            6.10525935106404
        ],
        [
            1634634240050,
            6.093487925582773
        ],
        [
            1634638456273,
            6.057860048219737
        ],
        [
            1634641229714,
            6.122804979134433
        ],
        [
            1634645895156,
            6.172082863929141
        ],
        [
            1634649299903,
            6.133102615522044
        ],
        [
            1634653025001,
            6.1041532240757865
        ],
        [
            1634656721982,
            6.087361573314964
        ]
    ],
    "celo-dollar": [
        [
            1634573035442,
            1.0123766697319454
        ],
        [
            1634576602813,
            1.011111822372456
        ],
        [
            1634580083921,
            1.0093645583243986
        ],
        [
            1634583798806,
            1.0074756517424468
        ],
        [
            1634587721773,
            1.0063694318538137
        ],
        [
            1634591327943,
            1.0070642314510596
        ],
        [
            1634594472055,
            1.007287310291786
        ],
        [
            1634598080082,
            1.0090863698963568
        ],
        [
            1634601803720,
            1.0073927136264178
        ],
        [
            1634605237788,
            1.0079250938253215
        ],
        [
            1634608889944,
            1.0077531377826714
        ],
        [
            1634612417881,
            1.0087789313279019
        ],
        [
            1634616266916,
            1.0123326529750136
        ],
        [
            1634619854839,
            1.0084748757081963
        ],
        [
            1634623277380,
            1.0094332037110196
        ],
        [
            1634626869572,
            1.0085682029414187
        ],
        [
            1634630674008,
            1.0126499134342144
        ],
        [
            1634634065786,
            1.0112422334192175
        ],
        [
            1634638142121,
            1.008491335925411
        ],
        [
            1634641748635,
            1.008999783770689
        ],
        [
            1634645908230,
            1.0084273311451333
        ],
        [
            1634649300069,
            1.0090564531272888
        ],
        [
            1634653025572,
            1.007842481068235
        ],
        [
            1634656722292,
            1.0101542525120302
        ]
    ],