{
    "wrapped-bitcoin": [
        [
            1633709625438,
            54379.64470229063
        ],
        [
            1633712609973,
            54465.15332960223
        ],
        [
            1633716514365,
            54385.2655267881
        ],
        [
            1633720130119,
            54607.77947339973
        ],
        [
            1633724023134,
            54749.01941182624
        ],
        [
            1633727386434,
            54098.96137861027
        ],
        [
            1633730924739,
            54346.911353308475
        ],
        [
            1633734564988,
            54209.863569176865
        ],
        [
            1633737993488,
            54136.47184929219
        ],
        [
            1633742463991,
            54385.517403209145
        ],
        [
            1633745585174,
            54027.393933529216
        ],
        [
            1633749135288,
            54277.10080660369
        ],
        [
            1633752584772,
            54700.227345628795
        ],
        [
            1633756469373,
            54763.26691891713
        ],
        [
            1633760223811,
            54928.62120081574
        ],
        [
            1633764104567,
            54880.83075338496
        ],
        [
            1633767281156,
            55045.45044700741
        ],
        [
            1633770877838,
            54804.016276256894
        ],
        [
            1633773851777,
            54910.078393352676
        ],
        [
            1633777240680,
            54953.77104985971
        ],
        [
            1633780961227,
            54949.797261531014
        ],
        [
            1633785291273,
            55134.07778028401
        ],
        [
            1633788504241,
            55359.284885502806
        ],
        [
            1633791883176,
            55231.6785845353
        ]
    ],
    "ethereum": [
        [
            1633708941963,
            3620.03043922791
        ],
        [
            1633712495769,
            3639.9459230951998
        ],
        [
            1633716496155,
            3629.6347878378783
        ],
        [
            1633719899354,
            3638.358536963349
        ],
        [
            1633723468642,
            3624.842780393679
        ],
        [
            1633727025224,
            3574.0385141558645
        ],
        [
            1633730656407,
            3582.7770963780395
        ],
        [
            1633734512990,
            3580.9467041497583
        ],
        [
            1633737864258,
            3570.187063019674
        ],
        [
            1633741216973,
            3578.425863641733
        ],
        [
            1633745241083,
            3561.6396640899966
        ],
        [
            1633748882281,
            3581.022732759636
        ],
        [
            1633752577966,
            3588.211234861936
        ],
        [
            1633755804622,
            3588.726014042758
        ],
        [
            1633759214671,
            3585.2882921189716
        ],
        [
            1633763190986,
            3604.1375398934824
        ],
        [
            1633766425922,
            3612.6261521476777
        ],
        [
            1633770031826,
            3580.7437162771553
        ],
        [
            1633773818382,
            3598.7078847781777
        ],
        [
            1633777738338,
            3613.0420543295313
        ],
        [
            1633780953224,
            3600.451115787345
        ],
        [
            1633784616211,
            3609.6184604279533
        ],
        [
            1633788279688,
            3630.493169788241
        ],
        [
            1633791867228,
            3621.315482454054
        ]
    ],
    "celo": [
        [
            1633709628061,
            5.92534728318032
        ],
        [
            1633712507270,
            5.961489060927191
        ],
        [
            1633716504276,
            5.911917830144851
        ],
        [
            1633720117754,
            5.920371457767528
        ],
        [
            1633723786957,
            5.891610787412473
        ],
        [
            1633727018996,
            5.808769752818887
        ],
        [
            1633730648425,
            5.82821893795348
        ],
        [
            1633734480120,
            5.863229073498686
        ],
        [
            1633737874295,
            5.888421917874301
        ],
        [
            1633741766448,
            5.858308101020262
        ],
        [
            1633745532607,
            5.847127204989591
        ],
        [
            1633749131594,
            5.8668538362203835
        ],
        [
            1633752583724,
            6.028485828679542
        ],
        [
            1633755982712,
            6.201684948548005
        ],
        [
            1633759530090,
            6.232974774456027
        ],
        [
            1633763007589,
            6.1394876059920795
        ],
        [
            1633766437678,
            6.172707296342855
        ],
        [
            1633770886248,
            6.030000093081474
        ],
        [
            1633773870722,
            6.048255800047658
        ],
        [
            1633777752568,
            6.0109611255210185
        ],
        [
            1633780954809,
            5.96140077178725
        ],
        [
            1633784692517,
            6.027466002725479
        ],
        [
            1633788025099,
            6.09422025515966
        ],
        [
            1633791697724,
            6.043222685704212
        ]
    ],
    "celo-dollar": [
        [
            1633709958135,
            1.0029740942228913
        ],
        [
            1633712631152,
            1.0033566960128637
        ],
        [
            1633716652767,
            1.0063501926181624
        ],
        [
            1633720144516,
            1.0056355618972899
        ],
        [
            1633724294084,
            1.0048470557630909
        ],
        [
            1633727535678,
            1.00383905154204
        ],
        [
            1633731183328,
            1.003835473582013
        ],
        [
            1633734579759,
            1.0032966929656209
        ],
        [
            1633738095743,
            1.003879481439572
        ],
        [
            1633742682706,
            1.002619693084851
        ],
        [
            1633746192235,
            1.0048931616305445
        ],
        [
            1633749429797,
            1.0058422976434047
        ],
        [
            1633752594292,
            1.004481861124447
        ],
        [
            1633757134809,
            1.0039808550036335
        ],
        [
            1633760682013,
            1.009668351818565
        ],
        [
            1633764546646,
            1.003906365470293
        ],
        [
            1633767481778,
            1.003284831452412
        ],
        [
            1633770897105,
            1.0029754624896818
        ],
        [
            1633773879172,
            1.0041370136494376
        ],
        [
            1633777758719,
            1.0022163471941599
        ],
        [
            1633781515435,
            1.0022001718002713
        ],
        [
            1633786162150,
            1.0032365829770502
        ],
        [
            1633788775367,
            1.003933545778083
        ],
        [
            1633792553674,
            1.00399721198042
        ]
    ],