{
    "wrapped-bitcoin": [
        [
            1633795773351,
            55086.786942351115
        ],
        [
            1633799148205,
            54870.975218158506
        ],
        [
            1633802578678,
            54949.965082742056
        ],
        [
            1633806330388,
            55011.802433345205
        ],
        [
            1633809895427,
            54814.72748701748
        ],
        [
            1633813538099,
            54675.0227207195
        ],
        [
            1633817731940,
            54872.29440371325
        ],
        [
            1633820854945,
            54922.73819410259
        ],
        [
            1633824297066,
            55043.15832658619
        ],
        [
            1633828957422,
            54707.858805959375
        ],
        [
            1633832186620,
            54564.84628598682
        ],
        [
            1633835877177,
            54687.36828766859
        ],
        [
            1633838981192,
            55027.641669071054
        ],
        [
            1633843140308,
            55974.50849770726
        ],
        [
            1633846869859,
            55799.10073074062
        ],
        [
            1633850177475,
            55725.085403672456
        ],
        [
            1633853101544,
            55685.179983845235
        ],
        [
            1633857756408,
            55435.13534574751
        ],
        [
            1633861241301,
            55225.584804230624
        ],
        [
            1633864872090,
            55029.32459277373
        ],
        [
            1633868474734,
            55142.71897538897
        ],
        [
            1633872133558,
            55003.04873809195
        ],
        [
            1633875658539,
            55286.26116700478
        ],
        [
            1633878652709,
            55165.64409635828
        ]
    ],
    "ethereum": [
        [
            1633795425458,
            3604.6437684570205
        ],
        [
            1633799207902,
            3593.483060393396
        ],
        [
            1633802913467,
            3599.69373356966
        ],
        [
            1633806510917,
            3606.459024567647
        ],
        [
            1633809895634,
            3592.3250646524684
        ],
        [
            1633814119141,
            3581.0951304426603
        ],
        [
            1633816857120,
            3584.6906589863024
        ],
        [
            1633821037143,
            3588.961452249041
        ],
        [
            1633824402239,
            3577.479088814853
        ],
        [
            1633827669567,
            3568.49935961918
        ],
        [
            1633831913782,
            3508.593952363261
        ],
        [
            1633835029182,
            3542.742869696352
        ],
        [
            1633838824521,
            3542.6881502804736
        ],
        [
            1633842310021,
            3585.1395385107435
        ],
        [
            1633845938046,
            3577.789550833671
        ],
        [
            1633849476940,
            3601.497270510074
        ],
        [
            1633853048275,
            3585.5552274396287
        ],
        [
            1633856467653,
            3594.1438824418456
        ],
        [
            1633860262586,
            3573.7226081515587
        ],
        [
            1633864207945,
            3570.2142991862197
        ],
        [
            1633867416467,
            3573.9911665943473
        ],
        [
            1633870820482,
            3546.992175341494
        ],
        [
            1633874659702,
            3558.2482316942346
        ],
        [
            1633878043050,
            3558.192941416311
        ]
    ],
    "celo": [
        [
            1633795770123,
            6.064039351129691
        ],
        [
            1633798888487,
            5.898999766480048
        ],
        [
            1633803215498,
            5.943825409211406
        ],
        [
            1633806610950,
            5.918470473468456
        ],
        [
            1633810188379,
            5.8630727926255375
        ],
        [
            1633813496058,
            5.870672434502404
        ],
        [
            1633817068871,
            5.928490582012003
        ],
        [
            1633821480990,
            5.972539062576887
        ],
        [
            1633824586125,
            5.94246748484673
        ],
        [
            1633828542853,
            5.825491310592931
        ],
        [
            1633831949950,
            5.865157172004329
        ],
        [
            1633835028869,
            5.922802305867452
        ],
        [
            1633838953036,
            5.922932079153248
        ],
        [
            1633842052814,
            5.984082586541529
        ],
        [
            1633845925402,
            5.934014863445886
        ],
        [
            1633849476516,
            5.922941095470264
        ],
        [
            1633853058229,
            5.9253755744716
        ],
        [
            1633856980247,
            5.919857668063449
        ],
        [
            1633860643757,
            5.843662592340535
        ],
        [
            1633864010457,
            5.865853264156156
        ],
        [
            1633868070843,
            5.860585771094718
        ],
        [
            1633871699098,
            5.846454838835747
        ],
        [
            1633874468611,
            5.862790126676182
        ],
        [
            1633879402784,
            5.8752312726831075
        ]
    ],
    "celo-dollar": [
        [
            1633795786899,
            1.0008484622168758
        ],
        [
            1633800538552,
            1.002432919865036
        ],
        [
            1633804401760,
            1.0025121704411017
        ],
        [
            1633807828862,
            1.0022388933801032
        ],
        [
            1633811482604,
            0.9970420530096661
        ],
        [
            1633815242535,
            1.0037657066978378
        ],
        [
            1633818677434,
            1.0129785274322465
        ],
        [
            1633822497371,
            1.0056059461782223
        ],
        [
            1633825774790,
            1.0056102913310516
        ],
        [
            1633829674056,
            1.003003712924357
        ],
        [
            1633832961908,
            1.0113880605964187
        ],
        [
            1633836379828,
            1.006373761285854
        ],
        [
            1633839187267,
            1.0075173407768296
        ],
        [
            1633843916366,
            1.0057898297045056
        ],
        [
            1633847653230,
            1.0042757794526804
        ],
        [
            1633850984695,
            1.0053076015582554
        ],
        [
            1633853851357,
            1.004373325036837
        ],
        [
            1633858498365,
            1.0014069723164283
        ],
        [
            1633861987882,
            1.0061487524623314
        ],
        [
            1633865428299,
            1.0043051592327306
        ],
        [
            1633869217817,
            1.0043955418356914
        ],
        [
            1633872845978,
            1.0083066288678606
        ],
        [
            1633876406152,
            1.0036587684168468
        ],
        [
            1633880059776,
            1.003956801567505
        ]
    ],