{
    "wrapped-bitcoin": [
        [
            1635179856738,
            63869.357410425895
        ],
        [
            1635183475865,
            63510.45845899718
        ],
        [
            1635186988490,
            63379.17770802319
        ],
        [
            1635190684934,
            63273.409110494744
        ],
        [
            1635193986690,
            62942.8014976905
        ],
        [
            1635197843534,
            63202.811569042344
        ],
        [
            1635201448140,
            63158.90225275012
        ],
        [
            1635205132676,
            63337.027038757755
        ],
        [
            1635208716529,
            63542.7497500405
        ],
        [
            1635212274751,
            63307.33538832974
        ],
        [
            1635215967534,
            63149.95642361989
        ],
        [
            1635219426552,
            63037.607467678405
        ],
        [
            1635223119346,
            62816.67854336151
        ],
        [
            1635226065039,
            62858.20261068456
        ],
        [
            1635230337236,
            62693.47524933895
        ],
        [
            1635233887042,
            62638.91532291113
        ],
        [
            1635237456776,
            63213.99810746233
        ],
        [
            1635241137929,
            62960.21571994478
        ],
        [
            1635244668416,
            62843.397111450606
        ],
        [
            1635248222002,
            63007.17171365233
        ],
        [
            1635251702235,
            62819.61554770766
        ],
        [
            1635255442010,
            62784.81991064074
        ],
        [
            1635258913405,
            62334.71340725711
        ],
        [
            1635262630603,
            62388.99930388215
        ]
    ],
    "ethereum": [
        [
            1635177638063,
            4205.666772283964
        ],
        [
            1635181240629,
            4244.8043317816355
        ],
        [
            1635185116872,
            4208.758265619148
        ],
        [
            1635189056103,
            4221.312664710797
        ],
        [
            1635192437334,
            4204.34593410803
        ],
        [
            1635195816290,
            4202.232862850938
        ],
        [
            1635199394363,
            4211.564233105501
        ],
        [
            1635203076497,
            4234.727555403657
        ],
        [
            1635206677448,
            4230.208371594039
        ],
        [
            1635210340536,
            4244.438203882382
        ],
        [
            1635213624485,
            4237.896723569788
        ],
        [
            1635217508022,
            4247.614960950982
        ],
        [
            1635221227201,
            4245.556670924975
        ],
        [
            1635224431236,
            4226.711543766932
        ],
        [
            1635228357509,
            4217.554808305582
        ],
        [
            1635231627269,
            4215.415587629739
        ],
        [
            1635235227640,
            4215.968117826289
        ],
        [
            1635238919756,
            4231.950395594702
        ],
        [
            1635242539865,
            4223.3351251926915
        ],
        [
            1635246047570,
            4240.211240708728
        ],
        [
            1635249850818,
            4229.205941442756
        ],
        [
            1635253406218,
            4219.209610688021
        ],
        [
            1635257186832,
            4195.678209877034
        ],
        [
            1635260532464,
            4172.267406805072
        ]
    ],
    "celo": [
        [
            1635177800961,
            7.294006537830446
        ],
        [
            1635181260270,
            7.309718849710238
        ],
        [
            1635185042494,
            7.208285263757573
        ],
        [
            1635188557374,
            7.125748760328473
        ],
        [
            1635192360803,
            7.319025243966737
        ],
        [
            1635195694673,
            7.39697150644956
        ],
        [
            1635199977706,
            7.275616555309547
        ],
        [
            1635203627858,
            7.248576930021149
        ],
        [
            1635206913532,
            7.26194454659082
        ],
        [
            1635210026367,
            7.264711717548968
        ],
        [
            1635214630043,
            7.197062362075401
        ],
        [
            1635217202615,
            7.179541439470145
        ],
        [
            1635221184798,
            7.193503112048015
        ],
        [
            1635224643932,
            7.1280546302116194
        ],
        [
            1635228671439,
            7.231633451627069
        ],
        [
            1635231882559,
            7.170933696132916
        ],
        [
            1635235630577,
            7.192672018990784
        ],
        [
            1635239352309,
            7.199995293777051
        ],
        [
            1635242473710,
            7.225852236218392
        ],
        [
            1635246044509,
            7.239306964713416
        ],
        [
            1635249880226,
            7.4629485112462355
        ],
        [
            1635254376182,
            7.511998850956105
        ],
        [
            1635257887429,
            7.458809139422708
        ],
        [
            1635261546534,
            7.647610483674001
        ]
    ],
    "celo-dollar": [
        [
            1635177789184,
            1.0114119307148555
        ],
        [
            1635181772501,
            1.0071358284844287
        ],
        [
            1635184920699,
            1.0119913785508678
        ],
        [
            1635188447331,
            1.0107943593277942
        ],
        [
            1635192229392,
            1.0085159706436841
        ],
        [
            1635195787370,
            1.0106573219322226
        ],
        [
            1635199230901,
            1.005944933871938
        ],
        [
            1635203028334,
            1.009527121434986
        ],
        [
            1635206644398,
            1.0091041210870428
        ],
        [
            1635210311596,
            1.006284042975889
        ],
        [
            1635214228856,
            1.0100110460551686
        ],
        [
            1635217445427,
            1.0084088768829724
        ],
        [
            1635221110427,
            1.0097080192503334
        ],
        [
            1635224627098,
            1.0082998581900864
        ],
        [
            1635228245939,
            1.0087888480632559
        ],
        [
            1635231831932,
            1.0082443183350012
        ],
        [
            1635235433154,
            1.0101350721167703
        ],
        [
            1635239313562,
            1.008624513607916
        ],
        [
            1635242585655,
            1.0137137729161676
        ],
        [
            1635246066716,
            1.0146371436548545
        ],
        [
            1635249690663,
            1.0115881530957567
        ],
        [
            1635253384188,
            1.0119842758806064
        ],
        [
            1635256843894,
            1.0061192052653862
        ],
        [
            1635260404889,
            1.0104310768153422
        ]
    ],