{
    "wrapped-bitcoin": [
        [
            1633363685960,
            47906.834225110455
        ],
        [
            1633367353917,
            48796.27266434982
        ],
        [
            1633371221152,
            49499.55946139595
        ],
        [
            1633374137259,
            49591.44656215655
        ],
        [
            1633377818865,
            49355.20115739316
        ],
        [
            1633381278801,
            49156.57902558941
        ],
        [
            1633384859936,
            48969.98713548465
        ],
        [
            1633388479684,
            48946.58969443356
        ],
        [
            1633392062109,
            49395.16134886575
        ],
        [
            1633395663562,
            49768.37400065012
        ],
        [
            1633399383106,
            49301.78782956802
        ],
        [
            1633403038843,
            49402.87512364404
        ],
        [
            1633406589592,
            49282.94086798227
        ],
        [
            1633410341555,
            49148.88313870192
        ],
        [
            1633414083552,
            49376.125925094435
        ],
        [
            1633417934471,
            49439.94377812303
        ],
        [
            1633421346710,
            49569.57853348148
        ],
        [
            1633425115610,
            50151.168100519804
        ],
        [
            1633428479241,
            50625.59374604633
        ],
        [
            1633432068251,
            50303.40640163269
        ],
        [
            1633435680324,
            50003.9272132786
        ],
        [
            1633438992173,
            50080.315684347996
        ],
        [
            1633442899100,
            50325.97472893587
        ],
        [
            1633446261707,
            49938.735886508635
        ]
    ],
    "ethereum": [
        [
            1633363445295,
            3329.2959545606923
        ],
        [
            1633367303129,
            3373.4462854760545
        ],
        [
            1633370441653,
            3413.9792101714447
        ],
        [
            1633374224142,
            3436.8492638838543
        ],
        [
            1633377812301,
            3419.0135143285133
        ],
        [
            1633381619563,
            3397.250836867121
        ],
        [
            1633385028643,
            3400.1467199167123
        ],
        [
            1633388689982,
            3381.0309895449586
        ],
        [
            1633392087909,
            3390.310407759615
        ],
        [
            1633395829777,
            3423.0717265894855
        ],
        [
            1633399361813,
            3393.876511445042
        ],
        [
            1633403034969,
            3397.38991300288
        ],
        [
            1633406585125,
            3392.658910211147
        ],
        [
            1633410525507,
            3379.3584549104366
        ],
        [
            1633414090400,
            3390.726402450265
        ],
        [
            1633417628601,
            3391.169880552416
        ],
        [
            1633420906899,
            3398.0423629434495
        ],
        [
            1633425247208,
            3421.0626657509915
        ],
        [
            1633428244192,
            3448.2209142051192
        ],
        [
            1633432070124,
            3443.5091120665306
        ],
        [
            1633435688601,
            3447.5709302575574
        ],
        [
            1633439152786,
            3455.8643742785976
        ],
        [
            1633442771769,
            3472.222916472857
        ],
        [
            1633446019734,
            3438.206269364145
        ]
    ],
    "celo": [
        [
            1633363444813,
            6.048993612794821
        ],
        [
            1633367302005,
            6.112435676815139
        ],
        [
            1633370992734,
            6.143288661344843
        ],
        [
            1633374228327,
            6.156213158023218
        ],
        [
            1633377822601,
            6.101033529127672
        ],
        [
            1633381404779,
            6.003513259875853
        ],
        [
            1633384985566,
            5.987465193697956
        ],
        [
            1633388689205,
            5.978392600527758
        ],
        [
            1633392167210,
            6.008232537819963
        ],
        [
            1633395621797,
            6.0457461113055295
        ],
        [
            1633399380497,
            6.027570757747058
        ],
        [
            1633402995029,
            6.030257471828725
        ],
        [
            1633406583314,
            6.0291239655039925
        ],
        [
            1633410327434,
            6.0052562280516
        ],
        [
            1633414019333,
            6.026603762606211
        ],
        [
            1633418101108,
            6.009471763807412
        ],
        [
            1633421347581,
            6.0115132473873665
        ],
        [
            1633424823186,
            6.018731703906292
        ],
        [
            1633428730431,
            6.107363244742348
        ],
        [
            1633431688085,
            6.1036692414973475
        ],
        [
            1633435685665,
            6.059677575822977
        ],
        [
            1633439039046,
            6.033182647336804
        ],
        [
            1633442557024,
            6.054820853391642
        ],
        [
            1633446256167,
            5.905821295420962
        ]
    ],
    "celo-dollar": [
        [
            1633363701243,
            1.01088141775706
        ],
        [
            1633367371508,
            1.0122129740807242
        ],
        [
            1633371481945,
            1.0089536226676032
        ],
        [
            1633374427600,
            1.011412163474528
        ],
        [
            1633377854698,
            1.0081774437949635
        ],
        [
            1633381934879,
            1.0068284592204033
        ],
        [
            1633385301886,
            1.010315910565699
        ],
        [
            1633389541776,
            1.0117274126476181
        ],
        [
            1633392483027,
            1.0092496576781627
        ],
        [
            1633396665448,
            1.010755923548171
        ],
        [
            1633399564564,
            1.0080896899900182
        ],
        [
            1633403088601,
            1.0094211047075883
        ],
        [
            1633406612880,
            1.008336291885032
        ],
        [
            1633410634457,
            1.0115079961164724
        ],
        [
            1633414104882,
            1.0113149167235207
        ],
        [
            1633418319352,
            1.0087925758673435
        ],
        [
            1633421591920,
            1.010206064421585
        ],
        [
            1633425840542,
            1.0107370719748927
        ],
        [
            1633428752231,
            1.0169338368663525
        ],
        [
            1633432140051,
            1.0088171435515483
        ],
        [
            1633435759284,
            1.0081208994902962
        ],
        [
            1633439387330,
            1.0083933642012424
        ],
        [
            1633442992286,
            1.009485456482381
        ],
        [
            1633446559534,
            1.0078375897825942
        ]
    ],